Fiber ID,First analog (µm),Second analog (µm),Ratio,Fiber type,Valid,Image Name,Type,sigma,Grader
0,4.29,19.11,4.454545454545454,double,True,siNT-01,siNT,0.0,AI
1,12.74,21.32,1.6734693877551021,double,True,siNT-01,siNT,0.0,AI
2,1.69,15.99,9.461538461538462,double,True,siNT-01,siNT,0.0,AI
5,10.92,18.72,1.7142857142857142,double,True,siNT-01,siNT,0.0,AI
13,8.97,17.03,1.8985507246376812,double,True,siNT-01,siNT,0.0,AI
16,20.28,17.94,0.8846153846153846,double,True,siNT-01,siNT,0.0,AI
39,12.35,1.82,0.14736842105263157,double,True,siNT-01,siNT,0.0,AI
46,1.4300000000000002,18.330000000000002,12.818181818181818,double,True,siNT-01,siNT,0.0,AI
53,1.17,5.46,4.666666666666667,double,True,siNT-01,siNT,0.0,AI
55,16.51,8.84,0.5354330708661418,double,True,siNT-01,siNT,0.0,AI
56,11.05,21.71,1.964705882352941,double,True,siNT-01,siNT,0.0,AI
64,0.39,0.26,0.6666666666666666,double,True,siNT-01,siNT,0.0,AI
86,10.27,5.07,0.4936708860759494,double,True,siNT-01,siNT,0.0,AI
92,9.49,15.08,1.5890410958904109,double,True,siNT-01,siNT,0.0,AI
93,1.82,12.09,6.642857142857143,double,True,siNT-01,siNT,0.0,AI
97,1.17,12.74,10.88888888888889,double,True,siNT-01,siNT,0.0,AI
115,13.0,0.78,0.06,double,True,siNT-01,siNT,0.0,AI
126,7.15,18.98,2.6545454545454548,double,True,siNT-01,siNT,0.0,AI
131,8.58,15.08,1.7575757575757576,double,True,siNT-01,siNT,0.0,AI
133,5.33,5.8500000000000005,1.0975609756097562,double,True,siNT-01,siNT,0.0,AI
136,13.39,0.78,0.05825242718446602,double,True,siNT-01,siNT,0.0,AI
137,15.73,19.89,1.2644628099173554,double,True,siNT-01,siNT,0.0,AI
138,5.8500000000000005,7.67,1.3111111111111111,double,True,siNT-01,siNT,0.0,AI
147,6.11,12.48,2.0425531914893615,double,True,siNT-01,siNT,0.0,AI
148,2.08,11.31,5.4375,double,True,siNT-01,siNT,0.0,AI
149,13.39,12.74,0.9514563106796117,double,True,siNT-01,siNT,0.0,AI
153,10.27,3.77,0.3670886075949367,double,True,siNT-01,siNT,0.0,AI
154,13.780000000000001,14.040000000000001,1.0188679245283019,double,True,siNT-01,siNT,0.0,AI
155,6.11,7.67,1.2553191489361701,double,True,siNT-01,siNT,0.0,AI
160,8.97,5.07,0.5652173913043478,double,True,siNT-01,siNT,0.0,AI
165,11.96,15.47,1.2934782608695652,double,True,siNT-01,siNT,0.0,AI
169,8.58,4.55,0.5303030303030303,double,True,siNT-01,siNT,0.0,AI
172,10.66,3.25,0.3048780487804878,double,True,siNT-01,siNT,0.0,AI
173,11.700000000000001,11.440000000000001,0.9777777777777777,double,True,siNT-01,siNT,0.0,AI
186,2.08,11.700000000000001,5.625,double,True,siNT-01,siNT,0.0,AI
198,0.78,0.39,0.5,double,True,siNT-01,siNT,0.0,AI
209,7.28,6.37,0.875,double,True,siNT-01,siNT,0.0,AI
214,10.66,4.42,0.4146341463414634,double,True,siNT-01,siNT,0.0,AI
216,10.92,18.46,1.6904761904761905,double,True,siNT-01,siNT,0.0,AI
233,8.19,5.98,0.7301587301587301,double,True,siNT-01,siNT,0.0,AI
244,9.36,2.73,0.2916666666666667,double,True,siNT-01,siNT,0.0,AI
251,11.83,3.9000000000000004,0.32967032967032966,double,True,siNT-01,siNT,0.0,AI
253,11.440000000000001,15.21,1.3295454545454546,double,True,siNT-01,siNT,0.0,AI
255,7.15,5.59,0.7818181818181819,double,True,siNT-01,siNT,0.0,AI
259,6.5,6.37,0.98,double,True,siNT-01,siNT,0.0,AI
274,0.13,0.39,3.0,double,True,siNT-01,siNT,0.0,AI
278,1.9500000000000002,2.6,1.3333333333333333,double,True,siNT-01,siNT,0.0,AI
282,4.03,23.53,5.838709677419355,double,True,siNT-01,siNT,0.0,AI
305,9.75,4.03,0.41333333333333333,double,True,siNT-01,siNT,0.0,AI
311,8.06,7.930000000000001,0.9838709677419355,double,True,siNT-01,siNT,0.0,AI
312,6.63,7.28,1.0980392156862746,double,True,siNT-01,siNT,0.0,AI
316,10.92,2.99,0.27380952380952384,double,True,siNT-01,siNT,0.0,AI
317,8.84,4.8100000000000005,0.5441176470588235,double,True,siNT-01,siNT,0.0,AI
318,5.98,10.14,1.6956521739130435,double,True,siNT-01,siNT,0.0,AI
326,10.4,2.6,0.25,double,True,siNT-01,siNT,0.0,AI
331,8.450000000000001,6.63,0.7846153846153846,double,True,siNT-01,siNT,0.0,AI
343,6.11,6.890000000000001,1.127659574468085,double,True,siNT-01,siNT,0.0,AI
346,0.13,0.52,4.0,double,True,siNT-01,siNT,0.0,AI
352,0.78,0.13,0.16666666666666666,double,True,siNT-01,siNT,0.0,AI
361,5.46,11.96,2.1904761904761907,double,True,siNT-01,siNT,0.0,AI
362,8.97,11.05,1.2318840579710144,double,True,siNT-01,siNT,0.0,AI
364,13.52,13.13,0.9711538461538461,double,True,siNT-01,siNT,0.0,AI
367,9.1,4.16,0.45714285714285713,double,True,siNT-01,siNT,0.0,AI
368,7.67,6.11,0.7966101694915254,double,True,siNT-01,siNT,0.0,AI
375,9.1,5.33,0.5857142857142857,double,True,siNT-01,siNT,0.0,AI
385,13.13,4.42,0.33663366336633666,double,True,siNT-01,siNT,0.0,AI
386,6.76,5.98,0.8846153846153846,double,True,siNT-01,siNT,0.0,AI
391,11.700000000000001,14.56,1.2444444444444445,double,True,siNT-01,siNT,0.0,AI
397,14.56,10.01,0.6875,double,True,siNT-01,siNT,0.0,AI
401,6.890000000000001,5.59,0.8113207547169812,double,True,siNT-01,siNT,0.0,AI
414,0.13,0.26,2.0,double,True,siNT-01,siNT,0.0,AI
415,5.98,8.32,1.391304347826087,double,True,siNT-01,siNT,0.0,AI
418,10.92,9.75,0.8928571428571429,double,True,siNT-01,siNT,0.0,AI
423,7.28,7.28,1.0,double,True,siNT-01,siNT,0.0,AI
424,5.07,9.620000000000001,1.8974358974358974,double,True,siNT-01,siNT,0.0,AI
426,2.73,11.05,4.0476190476190474,double,True,siNT-01,siNT,0.0,AI
430,2.21,11.440000000000001,5.176470588235294,double,True,siNT-01,siNT,0.0,AI
438,0.52,13.13,25.25,double,True,siNT-01,siNT,0.0,AI
441,5.59,7.800000000000001,1.3953488372093024,double,True,siNT-01,siNT,0.0,AI
443,7.54,6.24,0.8275862068965517,double,True,siNT-01,siNT,0.0,AI
450,1.56,12.35,7.916666666666667,double,True,siNT-01,siNT,0.0,AI
451,13.65,2.73,0.2,double,True,siNT-01,siNT,0.0,AI
454,4.8100000000000005,9.620000000000001,2.0,double,True,siNT-01,siNT,0.0,AI
455,5.07,8.58,1.6923076923076923,double,True,siNT-01,siNT,0.0,AI
456,8.97,5.07,0.5652173913043478,double,True,siNT-01,siNT,0.0,AI
458,9.49,15.34,1.6164383561643836,double,True,siNT-01,siNT,0.0,AI
459,10.01,14.56,1.4545454545454546,double,True,siNT-01,siNT,0.0,AI
461,2.73,11.57,4.238095238095238,double,True,siNT-01,siNT,0.0,AI
465,8.06,4.94,0.6129032258064516,double,True,siNT-01,siNT,0.0,AI
469,3.38,20.150000000000002,5.961538461538462,double,True,siNT-01,siNT,0.0,AI
472,11.700000000000001,4.29,0.36666666666666664,one-two-one,True,siNT-01,siNT,0.0,AI
475,5.59,8.19,1.4651162790697674,double,True,siNT-01,siNT,0.0,AI
476,5.46,8.58,1.5714285714285714,double,True,siNT-01,siNT,0.0,AI
477,10.01,2.8600000000000003,0.2857142857142857,double,True,siNT-01,siNT,0.0,AI
480,4.16,7.28,1.75,double,True,siNT-01,siNT,0.0,AI
481,7.28,5.98,0.8214285714285714,double,True,siNT-01,siNT,0.0,AI
490,12.09,1.56,0.12903225806451613,double,True,siNT-01,siNT,0.0,AI
503,0.13,0.26,2.0,double,True,siNT-01,siNT,0.0,AI
510,6.37,7.67,1.2040816326530612,double,True,siNT-01,siNT,0.0,AI
518,0.39,0.78,2.0,double,True,siNT-01,siNT,0.0,AI
520,10.530000000000001,12.74,1.2098765432098766,double,True,siNT-01,siNT,0.0,AI
521,6.37,10.790000000000001,1.6938775510204083,double,True,siNT-01,siNT,0.0,AI
531,7.930000000000001,5.07,0.639344262295082,double,True,siNT-01,siNT,0.0,AI
532,11.57,3.25,0.2808988764044944,double,True,siNT-01,siNT,0.0,AI
534,3.5100000000000002,10.01,2.8518518518518516,double,True,siNT-01,siNT,0.0,AI
535,4.42,9.36,2.1176470588235294,double,True,siNT-01,siNT,0.0,AI
537,9.23,5.33,0.5774647887323944,double,True,siNT-01,siNT,0.0,AI
539,4.03,9.23,2.2903225806451615,double,True,siNT-01,siNT,0.0,AI
540,6.76,6.5,0.9615384615384616,double,True,siNT-01,siNT,0.0,AI
541,8.06,5.59,0.6935483870967742,double,True,siNT-01,siNT,0.0,AI
542,5.07,4.42,0.8717948717948718,double,True,siNT-01,siNT,0.0,AI
546,7.28,10.4,1.4285714285714286,double,True,siNT-01,siNT,0.0,AI
549,10.27,2.99,0.2911392405063291,double,True,siNT-01,siNT,0.0,AI
557,2.8600000000000003,11.31,3.9545454545454546,double,True,siNT-01,siNT,0.0,AI
559,4.03,9.620000000000001,2.3870967741935485,double,True,siNT-01,siNT,0.0,AI
564,14.56,8.32,0.5714285714285714,double,True,siNT-01,siNT,0.0,AI
566,1.3,12.74,9.8,double,True,siNT-01,siNT,0.0,AI
572,6.24,8.58,1.375,double,True,siNT-01,siNT,0.0,AI
578,1.82,14.3,7.857142857142857,double,True,siNT-01,siNT,0.0,AI
583,5.33,8.97,1.6829268292682926,double,True,siNT-01,siNT,0.0,AI
585,0.91,0.39,0.42857142857142855,double,True,siNT-01,siNT,0.0,AI
587,8.32,5.2,0.625,double,True,siNT-01,siNT,0.0,AI
594,6.76,7.41,1.0961538461538463,double,True,siNT-01,siNT,0.0,AI
602,8.32,5.8500000000000005,0.703125,double,True,siNT-01,siNT,0.0,AI
617,5.720000000000001,7.930000000000001,1.3863636363636365,double,True,siNT-01,siNT,0.0,AI
618,4.29,9.88,2.303030303030303,double,True,siNT-01,siNT,0.0,AI
620,6.5,8.19,1.26,double,True,siNT-01,siNT,0.0,AI
621,0.65,1.17,1.8,double,True,siNT-01,siNT,0.0,AI
631,9.23,4.68,0.5070422535211268,double,True,siNT-01,siNT,0.0,AI
632,11.18,2.8600000000000003,0.2558139534883721,double,True,siNT-01,siNT,0.0,AI
633,5.2,4.94,0.95,double,True,siNT-01,siNT,0.0,AI
635,6.5,7.0200000000000005,1.08,double,True,siNT-01,siNT,0.0,AI
638,8.06,13.26,1.6451612903225807,double,True,siNT-01,siNT,0.0,AI
639,9.1,4.42,0.4857142857142857,double,True,siNT-01,siNT,0.0,AI
646,4.42,9.75,2.2058823529411766,double,True,siNT-01,siNT,0.0,AI
649,0.65,12.74,19.6,double,True,siNT-01,siNT,0.0,AI
653,2.99,10.92,3.652173913043478,double,True,siNT-01,siNT,0.0,AI
657,7.28,6.890000000000001,0.9464285714285714,double,True,siNT-01,siNT,0.0,AI
658,0.52,13.13,25.25,double,True,siNT-01,siNT,0.0,AI
668,8.71,4.94,0.5671641791044776,one-two-one,True,siNT-01,siNT,0.0,AI
672,8.84,11.96,1.3529411764705883,double,True,siNT-01,siNT,0.0,AI
673,11.83,2.08,0.17582417582417584,double,True,siNT-01,siNT,0.0,AI
674,7.15,6.24,0.8727272727272727,double,True,siNT-01,siNT,0.0,AI
680,3.12,8.32,2.6666666666666665,double,True,siNT-01,siNT,0.0,AI
683,1.69,12.35,7.3076923076923075,double,True,siNT-01,siNT,0.0,AI
685,3.38,10.27,3.0384615384615383,double,True,siNT-01,siNT,0.0,AI
687,5.59,7.67,1.372093023255814,double,True,siNT-01,siNT,0.0,AI
688,9.1,8.450000000000001,0.9285714285714286,double,True,siNT-01,siNT,0.0,AI
718,12.35,1.17,0.09473684210526316,double,True,siNT-01,siNT,0.0,AI
721,2.8600000000000003,11.05,3.8636363636363638,double,True,siNT-01,siNT,0.0,AI
722,10.790000000000001,2.8600000000000003,0.26506024096385544,double,True,siNT-01,siNT,0.0,AI
725,3.77,10.14,2.689655172413793,double,True,siNT-01,siNT,0.0,AI
729,10.530000000000001,4.8100000000000005,0.4567901234567901,double,True,siNT-01,siNT,0.0,AI
730,1.56,12.22,7.833333333333333,double,True,siNT-01,siNT,0.0,AI
731,4.94,8.19,1.6578947368421053,double,True,siNT-01,siNT,0.0,AI
732,4.03,6.76,1.6774193548387097,double,True,siNT-01,siNT,0.0,AI
734,11.18,2.99,0.26744186046511625,double,True,siNT-01,siNT,0.0,AI
739,9.36,8.58,0.9166666666666666,double,True,siNT-01,siNT,0.0,AI
740,10.530000000000001,11.05,1.0493827160493827,double,True,siNT-01,siNT,0.0,AI
741,5.720000000000001,7.800000000000001,1.3636363636363635,one-two-one,True,siNT-01,siNT,0.0,AI
743,7.0200000000000005,10.4,1.4814814814814814,double,True,siNT-01,siNT,0.0,AI
745,1.9500000000000002,10.92,5.6,double,True,siNT-01,siNT,0.0,AI
747,8.450000000000001,4.94,0.5846153846153846,double,True,siNT-01,siNT,0.0,AI
748,2.99,10.92,3.652173913043478,double,True,siNT-01,siNT,0.0,AI
752,8.71,4.42,0.5074626865671642,double,True,siNT-01,siNT,0.0,AI
762,2.73,11.18,4.095238095238095,double,True,siNT-01,siNT,0.0,AI
769,3.9000000000000004,6.24,1.6,double,True,siNT-01,siNT,0.0,AI
770,10.14,3.5100000000000002,0.34615384615384615,double,True,siNT-01,siNT,0.0,AI
774,4.68,13.780000000000001,2.9444444444444446,double,True,siNT-01,siNT,0.0,AI
775,7.0200000000000005,8.71,1.2407407407407407,double,True,siNT-01,siNT,0.0,AI
776,7.41,5.8500000000000005,0.7894736842105263,double,True,siNT-01,siNT,0.0,AI
777,1.04,12.74,12.25,double,True,siNT-01,siNT,0.0,AI
778,8.06,5.46,0.6774193548387096,double,True,siNT-01,siNT,0.0,AI
779,3.5100000000000002,11.83,3.3703703703703702,double,True,siNT-01,siNT,0.0,AI
783,1.56,12.09,7.75,double,True,siNT-01,siNT,0.0,AI
795,0.91,14.040000000000001,15.428571428571429,double,True,siNT-01,siNT,0.0,AI
801,10.4,4.16,0.4,double,True,siNT-01,siNT,0.0,AI
802,7.930000000000001,5.2,0.6557377049180327,double,True,siNT-01,siNT,0.0,AI
803,13.52,19.63,1.4519230769230769,double,True,siNT-01,siNT,0.0,AI
804,5.98,8.19,1.3695652173913044,double,True,siNT-01,siNT,0.0,AI
805,1.17,12.870000000000001,11.0,double,True,siNT-01,siNT,0.0,AI
806,3.5100000000000002,10.01,2.8518518518518516,double,True,siNT-01,siNT,0.0,AI
808,7.41,6.5,0.8771929824561403,double,True,siNT-01,siNT,0.0,AI
809,12.48,1.17,0.09375,double,True,siNT-01,siNT,0.0,AI
816,10.92,3.77,0.34523809523809523,double,True,siNT-01,siNT,0.0,AI
822,0.39,12.610000000000001,32.333333333333336,double,True,siNT-01,siNT,0.0,AI
823,11.700000000000001,1.9500000000000002,0.16666666666666666,double,True,siNT-01,siNT,0.0,AI
824,5.07,3.77,0.7435897435897436,double,True,siNT-01,siNT,0.0,AI
825,7.15,9.620000000000001,1.3454545454545455,double,True,siNT-01,siNT,0.0,AI
826,1.9500000000000002,7.0200000000000005,3.6,double,True,siNT-01,siNT,0.0,AI
827,6.11,7.54,1.2340425531914894,double,True,siNT-01,siNT,0.0,AI
828,5.33,8.71,1.6341463414634145,double,True,siNT-01,siNT,0.0,AI
836,11.57,11.83,1.0224719101123596,double,True,siNT-01,siNT,0.0,AI
839,12.09,1.56,0.12903225806451613,double,True,siNT-01,siNT,0.0,AI
840,2.6,10.92,4.2,double,True,siNT-01,siNT,0.0,AI
841,8.84,6.24,0.7058823529411765,double,True,siNT-01,siNT,0.0,AI
842,10.14,3.9000000000000004,0.38461538461538464,double,True,siNT-01,siNT,0.0,AI
843,5.46,8.32,1.5238095238095237,double,True,siNT-01,siNT,0.0,AI
846,9.75,3.77,0.38666666666666666,double,True,siNT-01,siNT,0.0,AI
847,5.07,10.66,2.1025641025641026,double,True,siNT-01,siNT,0.0,AI
850,7.930000000000001,5.07,0.639344262295082,double,True,siNT-01,siNT,0.0,AI
854,3.64,10.530000000000001,2.892857142857143,double,True,siNT-01,siNT,0.0,AI
863,10.4,2.99,0.2875,double,True,siNT-01,siNT,0.0,AI
864,1.17,12.22,10.444444444444445,double,True,siNT-01,siNT,0.0,AI
867,7.15,6.37,0.8909090909090909,double,True,siNT-01,siNT,0.0,AI
868,6.11,14.56,2.382978723404255,double,True,siNT-01,siNT,0.0,AI
869,5.2,7.930000000000001,1.525,double,True,siNT-01,siNT,0.0,AI
876,5.2,8.06,1.55,double,True,siNT-01,siNT,0.0,AI
882,5.98,6.37,1.065217391304348,double,True,siNT-01,siNT,0.0,AI
883,10.27,3.38,0.3291139240506329,double,True,siNT-01,siNT,0.0,AI
887,8.32,5.59,0.671875,double,True,siNT-01,siNT,0.0,AI
893,10.01,11.18,1.1168831168831168,double,True,siNT-01,siNT,0.0,AI
895,11.83,2.99,0.25274725274725274,double,True,siNT-01,siNT,0.0,AI
898,5.59,9.49,1.697674418604651,double,True,siNT-01,siNT,0.0,AI
902,9.75,15.08,1.5466666666666666,double,True,siNT-01,siNT,0.0,AI
905,7.930000000000001,5.8500000000000005,0.7377049180327869,double,True,siNT-01,siNT,0.0,AI
907,5.59,8.06,1.441860465116279,double,True,siNT-01,siNT,0.0,AI
909,1.69,12.48,7.384615384615385,double,True,siNT-01,siNT,0.0,AI
910,1.69,11.57,6.846153846153846,double,True,siNT-01,siNT,0.0,AI
911,11.57,2.08,0.1797752808988764,double,True,siNT-01,siNT,0.0,AI
912,8.58,7.28,0.8484848484848485,double,True,siNT-01,siNT,0.0,AI
914,6.76,4.29,0.6346153846153846,double,True,siNT-01,siNT,0.0,AI
917,9.88,4.55,0.4605263157894737,double,True,siNT-01,siNT,0.0,AI
919,5.720000000000001,8.19,1.4318181818181819,double,True,siNT-01,siNT,0.0,AI
920,9.23,12.22,1.323943661971831,double,True,siNT-01,siNT,0.0,AI
922,3.38,10.530000000000001,3.1153846153846154,double,True,siNT-01,siNT,0.0,AI
924,4.29,4.68,1.0909090909090908,double,True,siNT-01,siNT,0.0,AI
930,8.19,5.2,0.6349206349206349,double,True,siNT-01,siNT,0.0,AI
936,8.32,5.720000000000001,0.6875,double,True,siNT-01,siNT,0.0,AI
939,5.2,12.870000000000001,2.475,double,True,siNT-01,siNT,0.0,AI
950,1.69,12.610000000000001,7.461538461538462,double,True,siNT-01,siNT,0.0,AI
951,7.800000000000001,12.48,1.6,double,True,siNT-01,siNT,0.0,AI
963,9.1,5.07,0.5571428571428572,double,True,siNT-01,siNT,0.0,AI
964,4.94,4.29,0.868421052631579,double,True,siNT-01,siNT,0.0,AI
967,2.21,11.57,5.235294117647059,double,True,siNT-01,siNT,0.0,AI
971,4.55,10.01,2.2,double,True,siNT-01,siNT,0.0,AI
972,7.54,6.890000000000001,0.9137931034482759,double,True,siNT-01,siNT,0.0,AI
973,0.52,13.39,25.75,double,True,siNT-01,siNT,0.0,AI
983,3.77,10.4,2.7586206896551726,double,True,siNT-01,siNT,0.0,AI
984,10.01,2.8600000000000003,0.2857142857142857,double,True,siNT-01,siNT,0.0,AI
985,5.720000000000001,7.930000000000001,1.3863636363636365,double,True,siNT-01,siNT,0.0,AI
986,6.76,13.65,2.019230769230769,double,True,siNT-01,siNT,0.0,AI
987,5.8500000000000005,8.19,1.4,double,True,siNT-01,siNT,0.0,AI
988,7.930000000000001,6.5,0.819672131147541,double,True,siNT-01,siNT,0.0,AI
994,2.99,11.31,3.782608695652174,double,True,siNT-01,siNT,0.0,AI
995,11.31,2.34,0.20689655172413793,double,True,siNT-01,siNT,0.0,AI
997,8.97,4.94,0.5507246376811594,double,True,siNT-01,siNT,0.0,AI
1005,7.800000000000001,6.11,0.7833333333333333,double,True,siNT-01,siNT,0.0,AI
1006,12.610000000000001,1.3,0.10309278350515463,double,True,siNT-01,siNT,0.0,AI
1008,11.31,1.9500000000000002,0.1724137931034483,double,True,siNT-01,siNT,0.0,AI
1009,8.32,5.46,0.65625,double,True,siNT-01,siNT,0.0,AI
1015,6.24,10.4,1.6666666666666667,double,True,siNT-01,siNT,0.0,AI
1018,0.78,13.52,17.333333333333332,double,True,siNT-01,siNT,0.0,AI
1019,1.69,11.31,6.6923076923076925,double,True,siNT-01,siNT,0.0,AI
1020,6.63,6.11,0.9215686274509803,double,True,siNT-01,siNT,0.0,AI
1022,6.11,7.930000000000001,1.297872340425532,double,True,siNT-01,siNT,0.0,AI
1024,0.65,13.91,21.4,double,True,siNT-01,siNT,0.0,AI
1025,11.96,1.82,0.15217391304347827,double,True,siNT-01,siNT,0.0,AI
1027,8.84,4.8100000000000005,0.5441176470588235,double,True,siNT-01,siNT,0.0,AI
1028,5.2,9.36,1.8,double,True,siNT-01,siNT,0.0,AI
1029,9.49,4.68,0.4931506849315068,double,True,siNT-01,siNT,0.0,AI
1036,0.26,13.65,52.5,double,True,siNT-01,siNT,0.0,AI
1038,4.8100000000000005,5.46,1.135135135135135,double,True,siNT-01,siNT,0.0,AI
1047,13.13,1.04,0.07920792079207921,double,True,siNT-01,siNT,0.0,AI
1048,8.97,5.720000000000001,0.6376811594202898,double,True,siNT-01,siNT,0.0,AI
1049,8.71,4.55,0.5223880597014925,double,True,siNT-01,siNT,0.0,AI
1055,8.71,4.42,0.5074626865671642,double,True,siNT-01,siNT,0.0,AI
1062,10.66,2.8600000000000003,0.2682926829268293,double,True,siNT-01,siNT,0.0,AI
1069,9.36,4.42,0.4722222222222222,double,True,siNT-01,siNT,0.0,AI
1074,2.47,11.440000000000001,4.631578947368421,double,True,siNT-01,siNT,0.0,AI
1082,8.84,5.98,0.6764705882352942,double,True,siNT-01,siNT,0.0,AI
1083,10.01,4.16,0.4155844155844156,double,True,siNT-01,siNT,0.0,AI
1086,7.67,6.76,0.8813559322033898,double,True,siNT-01,siNT,0.0,AI
1089,7.54,13.52,1.793103448275862,double,True,siNT-01,siNT,0.0,AI
1104,2.8600000000000003,10.92,3.8181818181818183,double,True,siNT-01,siNT,0.0,AI
1107,10.530000000000001,3.64,0.345679012345679,double,True,siNT-01,siNT,0.0,AI
1116,10.790000000000001,3.12,0.2891566265060241,double,True,siNT-01,siNT,0.0,AI
1118,6.37,6.76,1.0612244897959184,double,True,siNT-01,siNT,0.0,AI
1122,3.64,9.75,2.6785714285714284,double,True,siNT-01,siNT,0.0,AI
1132,10.530000000000001,4.29,0.4074074074074074,double,True,siNT-01,siNT,0.0,AI
1134,9.75,3.9000000000000004,0.4,double,True,siNT-01,siNT,0.0,AI
1135,11.96,1.69,0.14130434782608695,double,True,siNT-01,siNT,0.0,AI
1139,9.1,5.33,0.5857142857142857,double,True,siNT-01,siNT,0.0,AI
1140,8.450000000000001,5.720000000000001,0.676923076923077,double,True,siNT-01,siNT,0.0,AI
1144,2.21,11.57,5.235294117647059,double,True,siNT-01,siNT,0.0,AI
1145,5.98,7.800000000000001,1.3043478260869565,double,True,siNT-01,siNT,0.0,AI
1146,4.42,4.29,0.9705882352941176,double,True,siNT-01,siNT,0.0,AI
1147,6.5,6.37,0.98,double,True,siNT-01,siNT,0.0,AI
1150,9.23,12.35,1.3380281690140845,double,True,siNT-01,siNT,0.0,AI
1153,7.54,7.0200000000000005,0.9310344827586207,double,True,siNT-01,siNT,0.0,AI
1158,2.73,10.530000000000001,3.857142857142857,double,True,siNT-01,siNT,0.0,AI
1159,7.54,5.98,0.7931034482758621,double,True,siNT-01,siNT,0.0,AI
1160,2.73,11.18,4.095238095238095,double,True,siNT-01,siNT,0.0,AI
1161,8.84,6.11,0.6911764705882353,double,True,siNT-01,siNT,0.0,AI
0,5.59,18.98,3.395348837209302,double,True,siNT-01,siNT,6.0,AI
1,12.35,21.19,1.7157894736842105,double,True,siNT-01,siNT,6.0,AI
2,1.17,16.12,13.777777777777779,double,True,siNT-01,siNT,6.0,AI
7,11.700000000000001,19.11,1.6333333333333333,two-one-two,True,siNT-01,siNT,6.0,AI
14,8.97,17.29,1.9275362318840579,double,True,siNT-01,siNT,6.0,AI
17,23.01,11.96,0.519774011299435,double,True,siNT-01,siNT,6.0,AI
19,1.04,15.860000000000001,15.25,double,True,siNT-01,siNT,6.0,AI
21,11.83,1.3,0.10989010989010989,double,True,siNT-01,siNT,6.0,AI
35,11.57,5.2,0.449438202247191,double,True,siNT-01,siNT,6.0,AI
36,8.84,14.43,1.6323529411764706,double,True,siNT-01,siNT,6.0,AI
37,8.19,17.29,2.111111111111111,double,True,siNT-01,siNT,6.0,AI
40,0.78,19.76,25.333333333333332,double,True,siNT-01,siNT,6.0,AI
45,10.790000000000001,11.57,1.072289156626506,double,True,siNT-01,siNT,6.0,AI
47,31.46,12.09,0.384297520661157,double,True,siNT-01,siNT,6.0,AI
57,1.82,3.77,2.0714285714285716,double,True,siNT-01,siNT,6.0,AI
63,10.14,5.07,0.5,double,True,siNT-01,siNT,6.0,AI
68,1.9500000000000002,11.96,6.133333333333334,double,True,siNT-01,siNT,6.0,AI
69,10.14,14.43,1.4230769230769231,double,True,siNT-01,siNT,6.0,AI
76,1.4300000000000002,12.610000000000001,8.818181818181818,double,True,siNT-01,siNT,6.0,AI
90,0.52,1.9500000000000002,3.75,double,True,siNT-01,siNT,6.0,AI
100,10.92,23.14,2.119047619047619,double,True,siNT-01,siNT,6.0,AI
104,7.28,15.08,2.0714285714285716,double,True,siNT-01,siNT,6.0,AI
107,5.8500000000000005,5.46,0.9333333333333333,double,True,siNT-01,siNT,6.0,AI
112,15.47,6.63,0.42857142857142855,double,True,siNT-01,siNT,6.0,AI
114,5.46,7.67,1.4047619047619047,double,True,siNT-01,siNT,6.0,AI
115,4.03,9.75,2.4193548387096775,double,True,siNT-01,siNT,6.0,AI
122,5.46,11.96,2.1904761904761907,double,True,siNT-01,siNT,6.0,AI
123,2.21,11.57,5.235294117647059,double,True,siNT-01,siNT,6.0,AI
127,13.52,13.780000000000001,1.0192307692307692,double,True,siNT-01,siNT,6.0,AI
138,7.930000000000001,5.46,0.6885245901639344,double,True,siNT-01,siNT,6.0,AI
142,11.31,0.65,0.05747126436781609,double,True,siNT-01,siNT,6.0,AI
149,8.32,5.07,0.609375,double,True,siNT-01,siNT,6.0,AI
151,11.83,2.6,0.21978021978021978,double,True,siNT-01,siNT,6.0,AI
152,10.4,3.9000000000000004,0.375,double,True,siNT-01,siNT,6.0,AI
153,11.57,11.57,1.0,double,True,siNT-01,siNT,6.0,AI
154,8.19,16.77,2.0476190476190474,double,True,siNT-01,siNT,6.0,AI
163,1.9500000000000002,11.31,5.8,double,True,siNT-01,siNT,6.0,AI
183,7.28,6.5,0.8928571428571429,double,True,siNT-01,siNT,6.0,AI
186,10.01,4.8100000000000005,0.4805194805194805,double,True,siNT-01,siNT,6.0,AI
187,10.92,2.47,0.2261904761904762,double,True,siNT-01,siNT,6.0,AI
195,0.39,0.91,2.3333333333333335,double,True,siNT-01,siNT,6.0,AI
207,8.06,6.5,0.8064516129032258,double,True,siNT-01,siNT,6.0,AI
217,9.75,3.64,0.37333333333333335,double,True,siNT-01,siNT,6.0,AI
220,11.31,7.54,0.6666666666666666,double,True,siNT-01,siNT,6.0,AI
221,9.36,15.08,1.6111111111111112,double,True,siNT-01,siNT,6.0,AI
223,6.890000000000001,5.98,0.8679245283018868,double,True,siNT-01,siNT,6.0,AI
226,6.5,6.37,0.98,double,True,siNT-01,siNT,6.0,AI
248,12.610000000000001,22.880000000000003,1.8144329896907216,double,True,siNT-01,siNT,6.0,AI
264,3.5100000000000002,19.240000000000002,5.481481481481482,double,True,siNT-01,siNT,6.0,AI
272,9.620000000000001,4.94,0.5135135135135135,double,True,siNT-01,siNT,6.0,AI
276,10.66,8.58,0.8048780487804879,double,True,siNT-01,siNT,6.0,AI
277,7.15,7.15,1.0,double,True,siNT-01,siNT,6.0,AI
279,9.75,15.08,1.5466666666666666,double,True,siNT-01,siNT,6.0,AI
280,10.92,2.6,0.23809523809523808,double,True,siNT-01,siNT,6.0,AI
284,6.63,9.75,1.4705882352941178,double,True,siNT-01,siNT,6.0,AI
293,9.49,4.16,0.4383561643835616,double,True,siNT-01,siNT,6.0,AI
307,2.47,0.13,0.05263157894736842,double,True,siNT-01,siNT,6.0,AI
309,5.98,7.15,1.1956521739130435,double,True,siNT-01,siNT,6.0,AI
319,9.1,13.52,1.4857142857142858,double,True,siNT-01,siNT,6.0,AI
322,5.720000000000001,5.46,0.9545454545454546,double,True,siNT-01,siNT,6.0,AI
335,8.450000000000001,4.8100000000000005,0.5692307692307692,double,True,siNT-01,siNT,6.0,AI
336,8.19,17.94,2.1904761904761907,double,True,siNT-01,siNT,6.0,AI
341,13.26,2.99,0.22549019607843138,double,True,siNT-01,siNT,6.0,AI
343,11.700000000000001,14.690000000000001,1.2555555555555555,double,True,siNT-01,siNT,6.0,AI
351,17.03,7.800000000000001,0.4580152671755725,double,True,siNT-01,siNT,6.0,AI
356,6.5,5.46,0.84,double,True,siNT-01,siNT,6.0,AI
374,0.13,1.04,8.0,double,True,siNT-01,siNT,6.0,AI
375,2.8600000000000003,11.700000000000001,4.090909090909091,double,True,siNT-01,siNT,6.0,AI
376,5.8500000000000005,8.19,1.4,double,True,siNT-01,siNT,6.0,AI
381,10.790000000000001,3.38,0.3132530120481928,double,True,siNT-01,siNT,6.0,AI
388,5.33,11.96,2.2439024390243905,double,True,siNT-01,siNT,6.0,AI
390,6.890000000000001,7.41,1.0754716981132075,double,True,siNT-01,siNT,6.0,AI
395,2.34,11.31,4.833333333333333,double,True,siNT-01,siNT,6.0,AI
397,2.21,11.83,5.352941176470588,double,True,siNT-01,siNT,6.0,AI
401,2.47,11.57,4.684210526315789,double,True,siNT-01,siNT,6.0,AI
405,1.17,13.13,11.222222222222221,double,True,siNT-01,siNT,6.0,AI
406,5.98,7.800000000000001,1.3043478260869565,double,True,siNT-01,siNT,6.0,AI
408,7.54,6.890000000000001,0.9137931034482759,double,True,siNT-01,siNT,6.0,AI
409,5.8500000000000005,7.800000000000001,1.3333333333333333,double,True,siNT-01,siNT,6.0,AI
411,0.13,1.17,9.0,double,True,siNT-01,siNT,6.0,AI
413,1.56,12.35,7.916666666666667,double,True,siNT-01,siNT,6.0,AI
414,7.930000000000001,9.36,1.180327868852459,double,True,siNT-01,siNT,6.0,AI
419,4.8100000000000005,9.75,2.027027027027027,double,True,siNT-01,siNT,6.0,AI
420,7.800000000000001,5.98,0.7666666666666667,double,True,siNT-01,siNT,6.0,AI
421,10.14,15.08,1.4871794871794872,double,True,siNT-01,siNT,6.0,AI
423,11.700000000000001,14.690000000000001,1.2555555555555555,double,True,siNT-01,siNT,6.0,AI
424,2.47,11.700000000000001,4.7368421052631575,double,True,siNT-01,siNT,6.0,AI
426,7.930000000000001,4.94,0.6229508196721312,double,True,siNT-01,siNT,6.0,AI
428,8.19,5.46,0.6666666666666666,double,True,siNT-01,siNT,6.0,AI
429,2.47,11.18,4.526315789473684,double,True,siNT-01,siNT,6.0,AI
434,5.98,8.19,1.3695652173913044,double,True,siNT-01,siNT,6.0,AI
435,10.27,3.64,0.35443037974683544,double,True,siNT-01,siNT,6.0,AI
436,5.46,8.71,1.5952380952380953,double,True,siNT-01,siNT,6.0,AI
437,4.68,9.23,1.9722222222222223,double,True,siNT-01,siNT,6.0,AI
438,4.16,6.890000000000001,1.65625,double,True,siNT-01,siNT,6.0,AI
439,7.15,5.98,0.8363636363636363,double,True,siNT-01,siNT,6.0,AI
449,12.22,1.56,0.1276595744680851,double,True,siNT-01,siNT,6.0,AI
450,7.800000000000001,5.33,0.6833333333333333,double,True,siNT-01,siNT,6.0,AI
462,6.5,7.15,1.1,double,True,siNT-01,siNT,6.0,AI
467,2.21,11.57,5.235294117647059,double,True,siNT-01,siNT,6.0,AI
470,2.08,15.08,7.25,double,True,siNT-01,siNT,6.0,AI
472,2.73,12.870000000000001,4.714285714285714,double,True,siNT-01,siNT,6.0,AI
473,6.890000000000001,10.66,1.5471698113207548,double,True,siNT-01,siNT,6.0,AI
483,7.930000000000001,5.2,0.6557377049180327,double,True,siNT-01,siNT,6.0,AI
485,11.31,3.38,0.2988505747126437,double,True,siNT-01,siNT,6.0,AI
489,3.38,10.530000000000001,3.1153846153846154,double,True,siNT-01,siNT,6.0,AI
490,4.68,9.36,2.0,double,True,siNT-01,siNT,6.0,AI
492,8.97,4.68,0.5217391304347826,double,True,siNT-01,siNT,6.0,AI
493,4.03,9.1,2.2580645161290325,double,True,siNT-01,siNT,6.0,AI
494,6.37,6.76,1.0612244897959184,double,True,siNT-01,siNT,6.0,AI
495,8.06,5.2,0.6451612903225806,double,True,siNT-01,siNT,6.0,AI
496,5.2,4.55,0.875,double,True,siNT-01,siNT,6.0,AI
502,5.46,10.530000000000001,1.9285714285714286,double,True,siNT-01,siNT,6.0,AI
513,4.03,9.75,2.4193548387096775,double,True,siNT-01,siNT,6.0,AI
515,2.47,11.700000000000001,4.7368421052631575,double,True,siNT-01,siNT,6.0,AI
517,0.78,12.610000000000001,16.166666666666668,double,True,siNT-01,siNT,6.0,AI
522,6.24,8.450000000000001,1.3541666666666667,double,True,siNT-01,siNT,6.0,AI
529,0.26,14.43,55.5,double,True,siNT-01,siNT,6.0,AI
531,4.68,8.58,1.8333333333333333,double,True,siNT-01,siNT,6.0,AI
532,8.32,5.33,0.640625,double,True,siNT-01,siNT,6.0,AI
537,6.890000000000001,7.800000000000001,1.1320754716981132,double,True,siNT-01,siNT,6.0,AI
541,1.56,0.13,0.08333333333333333,double,True,siNT-01,siNT,6.0,AI
546,7.930000000000001,6.24,0.7868852459016393,double,True,siNT-01,siNT,6.0,AI
551,1.4300000000000002,12.48,8.727272727272727,double,True,siNT-01,siNT,6.0,AI
564,6.76,7.930000000000001,1.1730769230769231,double,True,siNT-01,siNT,6.0,AI
565,3.64,9.75,2.6785714285714284,double,True,siNT-01,siNT,6.0,AI
566,5.33,7.41,1.3902439024390243,double,True,siNT-01,siNT,6.0,AI
567,0.78,0.52,0.6666666666666666,double,True,siNT-01,siNT,6.0,AI
576,5.07,8.58,1.6923076923076923,double,True,siNT-01,siNT,6.0,AI
581,0.26,13.65,52.5,double,True,siNT-01,siNT,6.0,AI
583,9.1,5.07,0.5571428571428572,double,True,siNT-01,siNT,6.0,AI
584,11.57,2.73,0.23595505617977527,double,True,siNT-01,siNT,6.0,AI
586,6.63,7.0200000000000005,1.0588235294117647,double,True,siNT-01,siNT,6.0,AI
588,10.530000000000001,12.74,1.2098765432098766,double,True,siNT-01,siNT,6.0,AI
590,8.97,4.42,0.4927536231884058,double,True,siNT-01,siNT,6.0,AI
598,4.42,9.620000000000001,2.176470588235294,double,True,siNT-01,siNT,6.0,AI
599,0.65,13.13,20.2,double,True,siNT-01,siNT,6.0,AI
600,0.91,0.13,0.14285714285714285,double,True,siNT-01,siNT,6.0,AI
604,2.73,10.66,3.9047619047619047,double,True,siNT-01,siNT,6.0,AI
611,7.0200000000000005,6.76,0.9629629629629629,double,True,siNT-01,siNT,6.0,AI
612,0.65,13.26,20.4,double,True,siNT-01,siNT,6.0,AI
617,8.450000000000001,5.59,0.6615384615384615,one-two-one,True,siNT-01,siNT,6.0,AI
620,11.700000000000001,2.08,0.17777777777777778,double,True,siNT-01,siNT,6.0,AI
625,2.6,7.930000000000001,3.05,double,True,siNT-01,siNT,6.0,AI
626,4.03,10.790000000000001,2.6774193548387095,double,True,siNT-01,siNT,6.0,AI
629,5.59,7.54,1.3488372093023255,double,True,siNT-01,siNT,6.0,AI
662,12.09,1.4300000000000002,0.11827956989247312,double,True,siNT-01,siNT,6.0,AI
665,2.8600000000000003,11.31,3.9545454545454546,double,True,siNT-01,siNT,6.0,AI
666,10.530000000000001,3.12,0.2962962962962963,double,True,siNT-01,siNT,6.0,AI
670,3.9000000000000004,10.4,2.6666666666666665,double,True,siNT-01,siNT,6.0,AI
672,10.01,5.2,0.5194805194805194,double,True,siNT-01,siNT,6.0,AI
674,1.82,12.35,6.785714285714286,double,True,siNT-01,siNT,6.0,AI
675,5.46,14.690000000000001,2.6904761904761907,double,True,siNT-01,siNT,6.0,AI
676,10.66,3.12,0.2926829268292683,double,True,siNT-01,siNT,6.0,AI
679,8.97,7.930000000000001,0.8840579710144928,double,True,siNT-01,siNT,6.0,AI
680,5.33,7.930000000000001,1.4878048780487805,one-two-one,True,siNT-01,siNT,6.0,AI
683,6.76,8.58,1.2692307692307692,double,True,siNT-01,siNT,6.0,AI
687,1.56,11.31,7.25,double,True,siNT-01,siNT,6.0,AI
689,11.18,2.47,0.22093023255813954,double,True,siNT-01,siNT,6.0,AI
692,9.88,4.03,0.40789473684210525,double,True,siNT-01,siNT,6.0,AI
695,10.530000000000001,2.99,0.2839506172839506,double,True,siNT-01,siNT,6.0,AI
701,2.6,11.31,4.35,double,True,siNT-01,siNT,6.0,AI
707,9.75,4.29,0.44,double,True,siNT-01,siNT,6.0,AI
708,3.9000000000000004,6.5,1.6666666666666667,double,True,siNT-01,siNT,6.0,AI
709,11.700000000000001,13.780000000000001,1.1777777777777778,double,True,siNT-01,siNT,6.0,AI
710,6.890000000000001,8.71,1.2641509433962264,double,True,siNT-01,siNT,6.0,AI
711,7.67,5.98,0.7796610169491526,double,True,siNT-01,siNT,6.0,AI
712,1.3,12.74,9.8,double,True,siNT-01,siNT,6.0,AI
713,8.450000000000001,5.720000000000001,0.676923076923077,double,True,siNT-01,siNT,6.0,AI
714,4.03,11.31,2.806451612903226,double,True,siNT-01,siNT,6.0,AI
715,8.32,18.98,2.28125,double,True,siNT-01,siNT,6.0,AI
719,1.4300000000000002,11.96,8.363636363636363,double,True,siNT-01,siNT,6.0,AI
729,1.04,14.17,13.625,double,True,siNT-01,siNT,6.0,AI
733,0.26,13.26,51.0,double,True,siNT-01,siNT,6.0,AI
735,7.930000000000001,5.98,0.7540983606557377,double,True,siNT-01,siNT,6.0,AI
741,13.13,19.63,1.495049504950495,double,True,siNT-01,siNT,6.0,AI
743,0.65,12.74,19.6,double,True,siNT-01,siNT,6.0,AI
744,2.73,11.31,4.142857142857143,double,True,siNT-01,siNT,6.0,AI
747,12.35,2.6,0.21052631578947367,double,True,siNT-01,siNT,6.0,AI
748,6.63,6.890000000000001,1.0392156862745099,double,True,siNT-01,siNT,6.0,AI
749,6.5,7.0200000000000005,1.08,double,True,siNT-01,siNT,6.0,AI
753,10.92,3.25,0.2976190476190476,double,True,siNT-01,siNT,6.0,AI
757,0.65,12.870000000000001,19.8,double,True,siNT-01,siNT,6.0,AI
759,11.700000000000001,1.69,0.14444444444444443,double,True,siNT-01,siNT,6.0,AI
761,4.94,3.64,0.7368421052631579,double,True,siNT-01,siNT,6.0,AI
764,5.46,9.23,1.6904761904761905,double,True,siNT-01,siNT,6.0,AI
765,5.07,7.54,1.4871794871794872,double,True,siNT-01,siNT,6.0,AI
767,4.68,9.620000000000001,2.0555555555555554,double,True,siNT-01,siNT,6.0,AI
779,10.66,12.09,1.1341463414634145,double,True,siNT-01,siNT,6.0,AI
780,2.73,11.18,4.095238095238095,double,True,siNT-01,siNT,6.0,AI
782,11.57,1.4300000000000002,0.12359550561797752,double,True,siNT-01,siNT,6.0,AI
786,9.49,5.07,0.5342465753424658,double,True,siNT-01,siNT,6.0,AI
787,8.84,5.8500000000000005,0.6617647058823529,double,True,siNT-01,siNT,6.0,AI
788,5.98,8.32,1.391304347826087,double,True,siNT-01,siNT,6.0,AI
790,5.2,10.01,1.925,double,True,siNT-01,siNT,6.0,AI
795,7.67,5.59,0.7288135593220338,double,True,siNT-01,siNT,6.0,AI
803,11.57,2.08,0.1797752808988764,double,True,siNT-01,siNT,6.0,AI
806,7.41,6.11,0.8245614035087719,double,True,siNT-01,siNT,6.0,AI
808,5.720000000000001,14.040000000000001,2.4545454545454546,double,True,siNT-01,siNT,6.0,AI
809,0.78,12.610000000000001,16.166666666666668,double,True,siNT-01,siNT,6.0,AI
814,10.530000000000001,4.03,0.38271604938271603,double,True,siNT-01,siNT,6.0,AI
824,8.32,7.15,0.859375,double,True,siNT-01,siNT,6.0,AI
830,10.27,10.92,1.0632911392405062,double,True,siNT-01,siNT,6.0,AI
831,11.440000000000001,5.8500000000000005,0.5113636363636364,double,True,siNT-01,siNT,6.0,AI
834,6.5,15.08,2.32,double,True,siNT-01,siNT,6.0,AI
837,5.8500000000000005,8.450000000000001,1.4444444444444444,double,True,siNT-01,siNT,6.0,AI
840,2.21,11.440000000000001,5.176470588235294,double,True,siNT-01,siNT,6.0,AI
841,1.3,12.35,9.5,double,True,siNT-01,siNT,6.0,AI
842,11.440000000000001,2.47,0.2159090909090909,double,True,siNT-01,siNT,6.0,AI
845,7.15,5.33,0.7454545454545455,double,True,siNT-01,siNT,6.0,AI
846,8.450000000000001,6.5,0.7692307692307693,double,True,siNT-01,siNT,6.0,AI
850,9.23,4.68,0.5070422535211268,double,True,siNT-01,siNT,6.0,AI
851,5.46,8.06,1.4761904761904763,double,True,siNT-01,siNT,6.0,AI
852,8.97,11.83,1.318840579710145,double,True,siNT-01,siNT,6.0,AI
855,3.25,10.27,3.16,double,True,siNT-01,siNT,6.0,AI
857,5.33,4.68,0.8780487804878049,double,True,siNT-01,siNT,6.0,AI
862,8.32,6.11,0.734375,double,True,siNT-01,siNT,6.0,AI
864,5.98,8.06,1.3478260869565217,double,True,siNT-01,siNT,6.0,AI
866,10.790000000000001,3.25,0.30120481927710846,double,True,siNT-01,siNT,6.0,AI
871,7.930000000000001,5.720000000000001,0.7213114754098361,double,True,siNT-01,siNT,6.0,AI
875,5.59,12.22,2.186046511627907,double,True,siNT-01,siNT,6.0,AI
886,1.9500000000000002,12.870000000000001,6.6,double,True,siNT-01,siNT,6.0,AI
887,9.49,12.870000000000001,1.356164383561644,double,True,siNT-01,siNT,6.0,AI
896,8.71,4.8100000000000005,0.5522388059701493,double,True,siNT-01,siNT,6.0,AI
897,4.94,4.16,0.8421052631578947,double,True,siNT-01,siNT,6.0,AI
900,2.08,11.31,5.4375,double,True,siNT-01,siNT,6.0,AI
902,4.94,9.1,1.8421052631578947,double,True,siNT-01,siNT,6.0,AI
903,7.41,7.28,0.9824561403508771,double,True,siNT-01,siNT,6.0,AI
905,0.65,13.26,20.4,double,True,siNT-01,siNT,6.0,AI
906,4.16,6.24,1.5,double,True,siNT-01,siNT,6.0,AI
910,11.05,2.47,0.2235294117647059,double,True,siNT-01,siNT,6.0,AI
918,3.5100000000000002,10.4,2.962962962962963,double,True,siNT-01,siNT,6.0,AI
919,10.14,3.25,0.32051282051282054,double,True,siNT-01,siNT,6.0,AI
920,5.46,8.32,1.5238095238095237,double,True,siNT-01,siNT,6.0,AI
921,6.24,13.39,2.1458333333333335,double,True,siNT-01,siNT,6.0,AI
922,5.59,8.19,1.4651162790697674,double,True,siNT-01,siNT,6.0,AI
925,7.41,6.63,0.8947368421052632,double,True,siNT-01,siNT,6.0,AI
931,2.6,10.92,4.2,double,True,siNT-01,siNT,6.0,AI
932,11.440000000000001,2.47,0.2159090909090909,double,True,siNT-01,siNT,6.0,AI
935,10.92,2.6,0.23809523809523808,double,True,siNT-01,siNT,6.0,AI
942,7.67,6.11,0.7966101694915254,double,True,siNT-01,siNT,6.0,AI
943,12.09,1.56,0.12903225806451613,double,True,siNT-01,siNT,6.0,AI
944,11.440000000000001,2.08,0.18181818181818182,double,True,siNT-01,siNT,6.0,AI
945,8.19,5.720000000000001,0.6984126984126984,double,True,siNT-01,siNT,6.0,AI
949,5.720000000000001,11.96,2.090909090909091,double,True,siNT-01,siNT,6.0,AI
952,0.52,13.65,26.25,double,True,siNT-01,siNT,6.0,AI
954,2.34,11.57,4.944444444444445,double,True,siNT-01,siNT,6.0,AI
955,6.890000000000001,10.66,1.5471698113207548,double,True,siNT-01,siNT,6.0,AI
956,5.8500000000000005,7.930000000000001,1.3555555555555556,double,True,siNT-01,siNT,6.0,AI
957,8.71,13.39,1.537313432835821,double,True,siNT-01,siNT,6.0,AI
958,11.57,2.08,0.1797752808988764,double,True,siNT-01,siNT,6.0,AI
959,8.71,5.07,0.582089552238806,double,True,siNT-01,siNT,6.0,AI
960,5.2,9.36,1.8,double,True,siNT-01,siNT,6.0,AI
964,9.49,4.8100000000000005,0.5068493150684932,double,True,siNT-01,siNT,6.0,AI
973,0.91,13.13,14.428571428571429,double,True,siNT-01,siNT,6.0,AI
976,4.68,5.98,1.2777777777777777,double,True,siNT-01,siNT,6.0,AI
980,2.08,14.950000000000001,7.1875,double,True,siNT-01,siNT,6.0,AI
988,13.0,1.4300000000000002,0.11,double,True,siNT-01,siNT,6.0,AI
989,8.97,5.2,0.5797101449275363,double,True,siNT-01,siNT,6.0,AI
990,8.58,4.94,0.5757575757575758,double,True,siNT-01,siNT,6.0,AI
994,8.450000000000001,5.8500000000000005,0.6923076923076923,double,True,siNT-01,siNT,6.0,AI
999,8.97,5.8500000000000005,0.6521739130434783,double,True,siNT-01,siNT,6.0,AI
1005,9.49,4.55,0.4794520547945205,double,True,siNT-01,siNT,6.0,AI
1009,2.47,11.57,4.684210526315789,double,True,siNT-01,siNT,6.0,AI
1017,9.620000000000001,3.5100000000000002,0.36486486486486486,double,True,siNT-01,siNT,6.0,AI
1023,11.05,2.73,0.24705882352941178,double,True,siNT-01,siNT,6.0,AI
1025,7.67,13.26,1.728813559322034,double,True,siNT-01,siNT,6.0,AI
1039,4.8100000000000005,10.530000000000001,2.189189189189189,double,True,siNT-01,siNT,6.0,AI
1048,10.01,3.5100000000000002,0.35064935064935066,double,True,siNT-01,siNT,6.0,AI
1057,10.790000000000001,4.03,0.37349397590361444,double,True,siNT-01,siNT,6.0,AI
1058,7.28,6.890000000000001,0.9464285714285714,double,True,siNT-01,siNT,6.0,AI
1070,9.88,9.75,0.9868421052631579,double,True,siNT-01,siNT,6.0,AI
1072,9.75,4.03,0.41333333333333333,double,True,siNT-01,siNT,6.0,AI
1073,11.440000000000001,1.9500000000000002,0.17045454545454544,double,True,siNT-01,siNT,6.0,AI
1078,8.84,5.46,0.6176470588235294,double,True,siNT-01,siNT,6.0,AI
1079,8.06,6.37,0.7903225806451613,double,True,siNT-01,siNT,6.0,AI
1080,2.21,11.31,5.117647058823529,double,True,siNT-01,siNT,6.0,AI
1082,6.11,8.06,1.3191489361702127,double,True,siNT-01,siNT,6.0,AI
1083,4.55,4.68,1.0285714285714285,double,True,siNT-01,siNT,6.0,AI
1084,6.76,6.37,0.9423076923076923,double,True,siNT-01,siNT,6.0,AI
1087,9.23,12.610000000000001,1.3661971830985915,double,True,siNT-01,siNT,6.0,AI
1090,7.67,6.11,0.7966101694915254,double,True,siNT-01,siNT,6.0,AI
1093,2.73,10.4,3.8095238095238093,double,True,siNT-01,siNT,6.0,AI
1094,7.54,5.46,0.7241379310344828,double,True,siNT-01,siNT,6.0,AI
1095,2.8600000000000003,11.440000000000001,4.0,double,True,siNT-01,siNT,6.0,AI
1099,8.19,5.720000000000001,0.6984126984126984,double,True,siNT-01,siNT,6.0,AI
1101,9.75,10.66,1.0933333333333333,double,True,siNT-01,siNT,6.0,AI
1103,4.94,6.890000000000001,1.394736842105263,double,True,siNT-01,siNT,6.0,AI
0,4.29,8.450000000000001,1.9696969696969697,double,True,siNT-01,siNT,12.0,AI
1,5.98,21.71,3.630434782608696,double,True,siNT-01,siNT,12.0,AI
2,12.35,20.8,1.6842105263157894,double,True,siNT-01,siNT,12.0,AI
4,1.69,15.73,9.307692307692308,double,True,siNT-01,siNT,12.0,AI
8,16.12,11.18,0.6935483870967742,double,True,siNT-01,siNT,12.0,AI
10,9.36,18.59,1.9861111111111112,double,True,siNT-01,siNT,12.0,AI
14,0.78,13.91,17.833333333333332,double,True,siNT-01,siNT,12.0,AI
34,12.870000000000001,3.9000000000000004,0.30303030303030304,double,True,siNT-01,siNT,12.0,AI
38,7.54,16.51,2.189655172413793,double,True,siNT-01,siNT,12.0,AI
41,10.66,20.54,1.9268292682926829,double,True,siNT-01,siNT,12.0,AI
43,9.620000000000001,4.29,0.44594594594594594,double,True,siNT-01,siNT,12.0,AI
44,14.950000000000001,18.85,1.2608695652173914,double,True,siNT-01,siNT,12.0,AI
46,14.56,20.93,1.4375,double,True,siNT-01,siNT,12.0,AI
53,2.8600000000000003,12.35,4.318181818181818,double,True,siNT-01,siNT,12.0,AI
54,9.88,13.780000000000001,1.394736842105263,double,True,siNT-01,siNT,12.0,AI
59,1.9500000000000002,11.700000000000001,6.0,double,True,siNT-01,siNT,12.0,AI
75,0.26,1.56,6.0,double,True,siNT-01,siNT,12.0,AI
84,12.09,21.71,1.7956989247311828,double,True,siNT-01,siNT,12.0,AI
92,7.800000000000001,14.82,1.9,double,True,siNT-01,siNT,12.0,AI
94,5.720000000000001,5.46,0.9545454545454546,double,True,siNT-01,siNT,12.0,AI
95,13.13,1.04,0.07920792079207921,double,True,siNT-01,siNT,12.0,AI
99,15.08,12.22,0.8103448275862069,double,True,siNT-01,siNT,12.0,AI
104,5.33,7.800000000000001,1.4634146341463414,double,True,siNT-01,siNT,12.0,AI
105,0.13,1.4300000000000002,11.0,double,True,siNT-01,siNT,12.0,AI
108,10.790000000000001,11.96,1.108433734939759,double,True,siNT-01,siNT,12.0,AI
112,11.18,14.3,1.2790697674418605,double,True,siNT-01,siNT,12.0,AI
114,3.12,10.92,3.5,double,True,siNT-01,siNT,12.0,AI
124,11.700000000000001,14.82,1.2666666666666666,double,True,siNT-01,siNT,12.0,AI
128,12.35,26.0,2.1052631578947367,double,True,siNT-01,siNT,12.0,AI
130,13.13,18.72,1.4257425742574257,double,True,siNT-01,siNT,12.0,AI
135,9.88,3.9000000000000004,0.39473684210526316,double,True,siNT-01,siNT,12.0,AI
137,10.27,10.14,0.9873417721518988,double,True,siNT-01,siNT,12.0,AI
138,8.32,19.63,2.359375,double,True,siNT-01,siNT,12.0,AI
145,13.52,1.9500000000000002,0.14423076923076922,double,True,siNT-01,siNT,12.0,AI
156,0.26,13.39,51.5,double,True,siNT-01,siNT,12.0,AI
164,6.890000000000001,6.63,0.9622641509433962,double,True,siNT-01,siNT,12.0,AI
166,9.36,4.94,0.5277777777777778,double,True,siNT-01,siNT,12.0,AI
177,0.91,4.68,5.142857142857143,double,True,siNT-01,siNT,12.0,AI
181,8.19,10.530000000000001,1.2857142857142858,double,True,siNT-01,siNT,12.0,AI
190,9.75,4.03,0.41333333333333333,double,True,siNT-01,siNT,12.0,AI
194,11.31,9.620000000000001,0.8505747126436781,double,True,siNT-01,siNT,12.0,AI
196,2.6,12.35,4.75,double,True,siNT-01,siNT,12.0,AI
197,11.18,14.690000000000001,1.313953488372093,double,True,siNT-01,siNT,12.0,AI
198,6.890000000000001,5.8500000000000005,0.8490566037735849,double,True,siNT-01,siNT,12.0,AI
204,6.5,6.24,0.96,double,True,siNT-01,siNT,12.0,AI
213,7.54,12.09,1.603448275862069,double,True,siNT-01,siNT,12.0,AI
219,2.99,0.26,0.08695652173913043,double,True,siNT-01,siNT,12.0,AI
224,12.22,23.01,1.8829787234042554,double,True,siNT-01,siNT,12.0,AI
226,1.4300000000000002,14.3,10.0,double,True,siNT-01,siNT,12.0,AI
230,8.97,18.72,2.0869565217391304,double,True,siNT-01,siNT,12.0,AI
232,8.84,4.8100000000000005,0.5441176470588235,double,True,siNT-01,siNT,12.0,AI
235,9.88,5.46,0.5526315789473685,double,True,siNT-01,siNT,12.0,AI
238,4.68,8.19,1.75,double,True,siNT-01,siNT,12.0,AI
242,11.05,2.99,0.27058823529411763,double,True,siNT-01,siNT,12.0,AI
244,11.83,10.530000000000001,0.8901098901098901,double,True,siNT-01,siNT,12.0,AI
256,8.84,5.07,0.5735294117647058,double,True,siNT-01,siNT,12.0,AI
260,7.67,6.11,0.7966101694915254,double,True,siNT-01,siNT,12.0,AI
263,7.41,14.950000000000001,2.017543859649123,double,True,siNT-01,siNT,12.0,AI
280,11.700000000000001,15.08,1.288888888888889,double,True,siNT-01,siNT,12.0,AI
281,7.41,8.58,1.1578947368421053,double,True,siNT-01,siNT,12.0,AI
290,8.450000000000001,5.59,0.6615384615384615,double,True,siNT-01,siNT,12.0,AI
297,11.18,3.9000000000000004,0.3488372093023256,double,True,siNT-01,siNT,12.0,AI
304,11.57,12.22,1.0561797752808988,double,True,siNT-01,siNT,12.0,AI
306,6.63,7.800000000000001,1.1764705882352942,double,True,siNT-01,siNT,12.0,AI
313,6.11,5.8500000000000005,0.9574468085106383,double,True,siNT-01,siNT,12.0,AI
323,0.78,4.29,5.5,double,True,siNT-01,siNT,12.0,AI
325,3.38,11.05,3.269230769230769,double,True,siNT-01,siNT,12.0,AI
329,2.99,7.54,2.5217391304347827,double,True,siNT-01,siNT,12.0,AI
332,9.620000000000001,9.620000000000001,1.0,double,True,siNT-01,siNT,12.0,AI
335,6.24,7.67,1.2291666666666667,double,True,siNT-01,siNT,12.0,AI
341,2.99,10.790000000000001,3.608695652173913,double,True,siNT-01,siNT,12.0,AI
343,3.77,11.18,2.9655172413793105,double,True,siNT-01,siNT,12.0,AI
346,0.13,12.35,95.0,double,True,siNT-01,siNT,12.0,AI
348,1.82,12.09,6.642857142857143,double,True,siNT-01,siNT,12.0,AI
349,3.64,10.92,3.0,double,True,siNT-01,siNT,12.0,AI
350,6.37,7.15,1.1224489795918366,double,True,siNT-01,siNT,12.0,AI
351,7.28,6.37,0.875,double,True,siNT-01,siNT,12.0,AI
352,6.11,8.450000000000001,1.3829787234042554,double,True,siNT-01,siNT,12.0,AI
354,7.28,7.15,0.9821428571428571,double,True,siNT-01,siNT,12.0,AI
356,5.8500000000000005,7.67,1.3111111111111111,double,True,siNT-01,siNT,12.0,AI
362,2.08,12.22,5.875,double,True,siNT-01,siNT,12.0,AI
364,5.59,17.810000000000002,3.186046511627907,double,True,siNT-01,siNT,12.0,AI
367,4.94,10.01,2.026315789473684,double,True,siNT-01,siNT,12.0,AI
369,9.49,14.17,1.4931506849315068,double,True,siNT-01,siNT,12.0,AI
372,3.38,11.57,3.423076923076923,double,True,siNT-01,siNT,12.0,AI
373,8.19,14.82,1.8095238095238095,double,True,siNT-01,siNT,12.0,AI
381,7.15,5.8500000000000005,0.8181818181818182,double,True,siNT-01,siNT,12.0,AI
389,1.17,0.52,0.4444444444444444,double,True,siNT-01,siNT,12.0,AI
393,6.37,7.800000000000001,1.2244897959183674,double,True,siNT-01,siNT,12.0,AI
394,9.75,3.9000000000000004,0.4,double,True,siNT-01,siNT,12.0,AI
395,6.37,7.67,1.2040816326530612,double,True,siNT-01,siNT,12.0,AI
396,5.07,8.58,1.6923076923076923,double,True,siNT-01,siNT,12.0,AI
398,3.5100000000000002,6.63,1.8888888888888888,double,True,siNT-01,siNT,12.0,AI
399,3.12,5.59,1.7916666666666667,double,True,siNT-01,siNT,12.0,AI
400,6.5,7.15,1.1,double,True,siNT-01,siNT,12.0,AI
409,11.700000000000001,2.47,0.2111111111111111,double,True,siNT-01,siNT,12.0,AI
412,5.46,7.28,1.3333333333333333,double,True,siNT-01,siNT,12.0,AI
416,0.26,13.52,52.0,double,True,siNT-01,siNT,12.0,AI
426,6.24,11.31,1.8125,double,True,siNT-01,siNT,12.0,AI
430,3.25,10.790000000000001,3.32,double,True,siNT-01,siNT,12.0,AI
437,6.5,10.530000000000001,1.62,double,True,siNT-01,siNT,12.0,AI
444,10.4,4.03,0.3875,double,True,siNT-01,siNT,12.0,AI
446,1.17,14.17,12.11111111111111,double,True,siNT-01,siNT,12.0,AI
447,3.77,10.01,2.6551724137931036,double,True,siNT-01,siNT,12.0,AI
450,4.94,8.97,1.8157894736842106,double,True,siNT-01,siNT,12.0,AI
453,0.78,13.0,16.666666666666668,double,True,siNT-01,siNT,12.0,AI
456,6.76,6.890000000000001,1.0192307692307692,double,True,siNT-01,siNT,12.0,AI
457,4.42,4.68,1.0588235294117647,double,True,siNT-01,siNT,12.0,AI
461,6.63,10.27,1.5490196078431373,double,True,siNT-01,siNT,12.0,AI
472,2.47,10.92,4.421052631578948,double,True,siNT-01,siNT,12.0,AI
474,5.07,6.76,1.3333333333333333,double,True,siNT-01,siNT,12.0,AI
477,0.39,1.56,4.0,double,True,siNT-01,siNT,12.0,AI
480,3.9000000000000004,13.13,3.3666666666666667,double,True,siNT-01,siNT,12.0,AI
481,5.98,8.32,1.391304347826087,double,True,siNT-01,siNT,12.0,AI
484,3.9000000000000004,10.01,2.566666666666667,double,True,siNT-01,siNT,12.0,AI
486,5.720000000000001,7.930000000000001,1.3863636363636365,double,True,siNT-01,siNT,12.0,AI
491,6.76,7.0200000000000005,1.0384615384615385,double,True,siNT-01,siNT,12.0,AI
495,7.28,6.11,0.8392857142857143,double,True,siNT-01,siNT,12.0,AI
502,7.28,6.11,0.8392857142857143,double,True,siNT-01,siNT,12.0,AI
507,5.2,8.19,1.575,double,True,siNT-01,siNT,12.0,AI
511,1.4300000000000002,13.26,9.272727272727273,double,True,siNT-01,siNT,12.0,AI
513,8.450000000000001,5.98,0.7076923076923077,double,True,siNT-01,siNT,12.0,AI
514,7.800000000000001,5.8500000000000005,0.75,double,True,siNT-01,siNT,12.0,AI
515,11.440000000000001,2.8600000000000003,0.25,double,True,siNT-01,siNT,12.0,AI
519,10.790000000000001,13.0,1.2048192771084338,double,True,siNT-01,siNT,12.0,AI
520,8.19,4.94,0.6031746031746031,double,True,siNT-01,siNT,12.0,AI
530,4.55,8.97,1.9714285714285715,double,True,siNT-01,siNT,12.0,AI
533,1.56,12.870000000000001,8.25,double,True,siNT-01,siNT,12.0,AI
538,1.9500000000000002,11.700000000000001,6.0,double,True,siNT-01,siNT,12.0,AI
544,3.25,10.530000000000001,3.24,double,True,siNT-01,siNT,12.0,AI
548,3.5100000000000002,10.27,2.925925925925926,double,True,siNT-01,siNT,12.0,AI
549,7.54,5.8500000000000005,0.7758620689655172,double,True,siNT-01,siNT,12.0,AI
550,6.5,7.0200000000000005,1.08,double,True,siNT-01,siNT,12.0,AI
551,1.17,12.74,10.88888888888889,double,True,siNT-01,siNT,12.0,AI
557,2.08,12.35,5.9375,double,True,siNT-01,siNT,12.0,AI
563,6.63,7.800000000000001,1.1764705882352942,double,True,siNT-01,siNT,12.0,AI
565,8.06,10.530000000000001,1.3064516129032258,double,True,siNT-01,siNT,12.0,AI
589,12.09,1.9500000000000002,0.16129032258064516,double,True,siNT-01,siNT,12.0,AI
591,4.03,10.14,2.5161290322580645,double,True,siNT-01,siNT,12.0,AI
593,9.36,4.68,0.5,double,True,siNT-01,siNT,12.0,AI
595,3.38,11.57,3.423076923076923,double,True,siNT-01,siNT,12.0,AI
599,4.03,6.890000000000001,1.7096774193548387,double,True,siNT-01,siNT,12.0,AI
600,9.88,4.55,0.4605263157894737,double,True,siNT-01,siNT,12.0,AI
602,11.31,14.56,1.2873563218390804,double,True,siNT-01,siNT,12.0,AI
604,8.84,8.58,0.9705882352941176,double,True,siNT-01,siNT,12.0,AI
605,5.33,7.800000000000001,1.4634146341463414,one-two-one,True,siNT-01,siNT,12.0,AI
607,9.36,4.42,0.4722222222222222,double,True,siNT-01,siNT,12.0,AI
609,2.21,11.31,5.117647058823529,double,True,siNT-01,siNT,12.0,AI
612,10.790000000000001,2.73,0.25301204819277107,double,True,siNT-01,siNT,12.0,AI
615,4.29,3.25,0.7575757575757576,double,True,siNT-01,siNT,12.0,AI
616,9.75,4.8100000000000005,0.49333333333333335,double,True,siNT-01,siNT,12.0,AI
620,9.23,4.68,0.5070422535211268,double,True,siNT-01,siNT,12.0,AI
621,8.19,7.41,0.9047619047619048,double,True,siNT-01,siNT,12.0,AI
625,9.49,5.33,0.5616438356164384,double,True,siNT-01,siNT,12.0,AI
627,3.25,10.66,3.28,double,True,siNT-01,siNT,12.0,AI
631,9.75,4.29,0.44,double,True,siNT-01,siNT,12.0,AI
634,2.8600000000000003,6.24,2.1818181818181817,double,True,siNT-01,siNT,12.0,AI
635,10.14,11.96,1.1794871794871795,double,True,siNT-01,siNT,12.0,AI
637,6.76,8.84,1.3076923076923077,double,True,siNT-01,siNT,12.0,AI
639,1.3,12.870000000000001,9.9,double,True,siNT-01,siNT,12.0,AI
640,8.450000000000001,5.59,0.6615384615384615,double,True,siNT-01,siNT,12.0,AI
642,3.64,10.530000000000001,2.892857142857143,double,True,siNT-01,siNT,12.0,AI
643,7.41,17.42,2.3508771929824563,double,True,siNT-01,siNT,12.0,AI
647,1.4300000000000002,11.83,8.272727272727273,double,True,siNT-01,siNT,12.0,AI
655,0.91,13.65,15.0,double,True,siNT-01,siNT,12.0,AI
656,7.930000000000001,4.55,0.5737704918032787,double,True,siNT-01,siNT,12.0,AI
659,0.39,13.26,34.0,double,True,siNT-01,siNT,12.0,AI
660,7.67,6.24,0.8135593220338984,double,True,siNT-01,siNT,12.0,AI
663,12.74,19.5,1.530612244897959,double,True,siNT-01,siNT,12.0,AI
666,1.69,12.22,7.230769230769231,double,True,siNT-01,siNT,12.0,AI
667,3.25,10.92,3.36,double,True,siNT-01,siNT,12.0,AI
673,12.35,3.25,0.2631578947368421,double,True,siNT-01,siNT,12.0,AI
675,6.76,7.67,1.1346153846153846,double,True,siNT-01,siNT,12.0,AI
676,7.930000000000001,12.09,1.5245901639344261,double,True,siNT-01,siNT,12.0,AI
677,11.440000000000001,6.24,0.5454545454545454,double,True,siNT-01,siNT,12.0,AI
681,10.92,3.77,0.34523809523809523,double,True,siNT-01,siNT,12.0,AI
682,8.97,4.8100000000000005,0.5362318840579711,double,True,siNT-01,siNT,12.0,AI
686,11.700000000000001,2.8600000000000003,0.24444444444444444,double,True,siNT-01,siNT,12.0,AI
688,4.8100000000000005,3.64,0.7567567567567568,double,True,siNT-01,siNT,12.0,AI
691,5.59,8.71,1.558139534883721,double,True,siNT-01,siNT,12.0,AI
694,3.64,10.27,2.8214285714285716,double,True,siNT-01,siNT,12.0,AI
697,10.14,11.83,1.1666666666666667,double,True,siNT-01,siNT,12.0,AI
700,8.450000000000001,5.98,0.7076923076923077,double,True,siNT-01,siNT,12.0,AI
702,8.450000000000001,5.720000000000001,0.676923076923077,double,True,siNT-01,siNT,12.0,AI
703,5.8500000000000005,8.450000000000001,1.4444444444444444,double,True,siNT-01,siNT,12.0,AI
704,8.19,10.530000000000001,1.2857142857142858,double,True,siNT-01,siNT,12.0,AI
707,11.96,2.73,0.22826086956521738,double,True,siNT-01,siNT,12.0,AI
710,12.870000000000001,7.800000000000001,0.6060606060606061,double,True,siNT-01,siNT,12.0,AI
713,8.58,6.76,0.7878787878787878,double,True,siNT-01,siNT,12.0,AI
720,11.05,2.73,0.24705882352941178,double,True,siNT-01,siNT,12.0,AI
721,5.98,8.06,1.3478260869565217,double,True,siNT-01,siNT,12.0,AI
724,5.59,14.040000000000001,2.511627906976744,double,True,siNT-01,siNT,12.0,AI
726,4.29,10.27,2.393939393939394,double,True,siNT-01,siNT,12.0,AI
730,9.23,6.11,0.6619718309859155,double,True,siNT-01,siNT,12.0,AI
731,2.47,12.48,5.052631578947368,double,True,siNT-01,siNT,12.0,AI
735,8.58,9.1,1.0606060606060606,double,True,siNT-01,siNT,12.0,AI
740,11.18,2.8600000000000003,0.2558139534883721,double,True,siNT-01,siNT,12.0,AI
742,6.24,8.71,1.3958333333333333,double,True,siNT-01,siNT,12.0,AI
749,5.2,14.82,2.85,double,True,siNT-01,siNT,12.0,AI
752,8.06,5.46,0.6774193548387096,double,True,siNT-01,siNT,12.0,AI
755,1.56,12.35,7.916666666666667,double,True,siNT-01,siNT,12.0,AI
759,10.530000000000001,2.6,0.24691358024691357,double,True,siNT-01,siNT,12.0,AI
760,7.54,7.67,1.0172413793103448,double,True,siNT-01,siNT,12.0,AI
763,5.8500000000000005,4.94,0.8444444444444444,double,True,siNT-01,siNT,12.0,AI
766,9.23,4.68,0.5070422535211268,double,True,siNT-01,siNT,12.0,AI
771,5.59,7.930000000000001,1.4186046511627908,double,True,siNT-01,siNT,12.0,AI
772,9.75,12.09,1.24,double,True,siNT-01,siNT,12.0,AI
773,5.2,9.75,1.875,double,True,siNT-01,siNT,12.0,AI
780,6.11,11.700000000000001,1.9148936170212767,double,True,siNT-01,siNT,12.0,AI
783,7.54,6.63,0.8793103448275862,double,True,siNT-01,siNT,12.0,AI
786,6.11,11.96,1.9574468085106382,double,True,siNT-01,siNT,12.0,AI
787,14.040000000000001,0.13,0.009259259259259259,double,True,siNT-01,siNT,12.0,AI
792,7.15,12.610000000000001,1.7636363636363637,double,True,siNT-01,siNT,12.0,AI
794,9.23,9.49,1.028169014084507,double,True,siNT-01,siNT,12.0,AI
795,8.84,11.57,1.3088235294117647,double,True,siNT-01,siNT,12.0,AI
801,8.58,6.76,0.7878787878787878,double,True,siNT-01,siNT,12.0,AI
802,2.99,11.440000000000001,3.8260869565217392,double,True,siNT-01,siNT,12.0,AI
805,2.21,11.440000000000001,5.176470588235294,double,True,siNT-01,siNT,12.0,AI
806,8.06,10.790000000000001,1.3387096774193548,double,True,siNT-01,siNT,12.0,AI
807,5.33,8.71,1.6341463414634145,double,True,siNT-01,siNT,12.0,AI
808,2.47,12.22,4.947368421052632,double,True,siNT-01,siNT,12.0,AI
809,2.99,5.98,2.0,double,True,siNT-01,siNT,12.0,AI
810,10.790000000000001,3.12,0.2891566265060241,double,True,siNT-01,siNT,12.0,AI
813,6.24,11.18,1.7916666666666667,double,True,siNT-01,siNT,12.0,AI
814,10.27,4.03,0.3924050632911392,double,True,siNT-01,siNT,12.0,AI
816,5.720000000000001,7.67,1.3409090909090908,double,True,siNT-01,siNT,12.0,AI
818,6.76,7.54,1.1153846153846154,double,True,siNT-01,siNT,12.0,AI
826,2.8600000000000003,11.05,3.8636363636363638,double,True,siNT-01,siNT,12.0,AI
828,10.66,3.5100000000000002,0.32926829268292684,double,True,siNT-01,siNT,12.0,AI
834,6.11,7.930000000000001,1.297872340425532,double,True,siNT-01,siNT,12.0,AI
836,10.530000000000001,14.3,1.3580246913580247,double,True,siNT-01,siNT,12.0,AI
837,7.67,5.98,0.7796610169491526,double,True,siNT-01,siNT,12.0,AI
838,9.75,3.38,0.3466666666666667,double,True,siNT-01,siNT,12.0,AI
846,1.04,0.39,0.375,double,True,siNT-01,siNT,12.0,AI
847,1.04,13.39,12.875,double,True,siNT-01,siNT,12.0,AI
856,10.530000000000001,3.64,0.345679012345679,double,True,siNT-01,siNT,12.0,AI
859,8.97,5.8500000000000005,0.6521739130434783,double,True,siNT-01,siNT,12.0,AI
862,8.450000000000001,5.46,0.6461538461538462,double,True,siNT-01,siNT,12.0,AI
864,5.720000000000001,8.97,1.5681818181818181,double,True,siNT-01,siNT,12.0,AI
868,9.49,5.2,0.547945205479452,double,True,siNT-01,siNT,12.0,AI
871,5.98,5.8500000000000005,0.9782608695652174,double,True,siNT-01,siNT,12.0,AI
877,2.21,14.82,6.705882352941177,double,True,siNT-01,siNT,12.0,AI
887,11.96,2.6,0.21739130434782608,double,True,siNT-01,siNT,12.0,AI
889,8.06,5.33,0.6612903225806451,double,True,siNT-01,siNT,12.0,AI
891,3.25,9.75,3.0,double,True,siNT-01,siNT,12.0,AI
893,8.19,10.790000000000001,1.3174603174603174,double,True,siNT-01,siNT,12.0,AI
897,8.97,4.68,0.5217391304347826,double,True,siNT-01,siNT,12.0,AI
900,2.47,11.440000000000001,4.631578947368421,double,True,siNT-01,siNT,12.0,AI
903,10.27,3.9000000000000004,0.379746835443038,double,True,siNT-01,siNT,12.0,AI
904,8.71,13.0,1.492537313432836,double,True,siNT-01,siNT,12.0,AI
905,9.1,6.11,0.6714285714285714,double,True,siNT-01,siNT,12.0,AI
911,10.01,8.97,0.8961038961038961,double,True,siNT-01,siNT,12.0,AI
912,11.05,10.92,0.9882352941176471,double,True,siNT-01,siNT,12.0,AI
919,9.75,3.5100000000000002,0.36,double,True,siNT-01,siNT,12.0,AI
922,9.75,4.8100000000000005,0.49333333333333335,double,True,siNT-01,siNT,12.0,AI
930,9.1,4.94,0.5428571428571428,double,True,siNT-01,siNT,12.0,AI
935,7.800000000000001,6.24,0.8,double,True,siNT-01,siNT,12.0,AI
936,7.800000000000001,6.63,0.85,double,True,siNT-01,siNT,12.0,AI
938,2.73,11.18,4.095238095238095,double,True,siNT-01,siNT,12.0,AI
943,5.8500000000000005,7.54,1.288888888888889,double,True,siNT-01,siNT,12.0,AI
944,3.9000000000000004,4.68,1.2,double,True,siNT-01,siNT,12.0,AI
946,5.8500000000000005,7.15,1.2222222222222223,double,True,siNT-01,siNT,12.0,AI
947,8.58,14.3,1.6666666666666667,double,True,siNT-01,siNT,12.0,AI
948,7.41,8.84,1.1929824561403508,double,True,siNT-01,siNT,12.0,AI
949,6.76,6.24,0.9230769230769231,double,True,siNT-01,siNT,12.0,AI
950,2.6,11.31,4.35,double,True,siNT-01,siNT,12.0,AI
951,10.92,15.34,1.4047619047619047,double,True,siNT-01,siNT,12.0,AI
954,0.39,19.63,50.333333333333336,double,True,siNT-01,siNT,12.0,AI
955,16.77,0.39,0.023255813953488372,double,True,siNT-01,siNT,12.0,AI
956,7.15,0.65,0.09090909090909091,double,True,siNT-01,siNT,12.0,AI
957,9.36,4.03,0.4305555555555556,double,True,siNT-01,siNT,12.0,AI
958,8.71,11.57,1.328358208955224,double,True,siNT-01,siNT,12.0,AI
961,8.19,2.73,0.3333333333333333,double,True,siNT-01,siNT,12.0,AI
0,3.77,9.23,2.4482758620689653,double,True,siNT-01,siNT,18.0,AI
1,5.2,18.72,3.6,double,True,siNT-01,siNT,18.0,AI
2,11.700000000000001,20.93,1.788888888888889,double,True,siNT-01,siNT,18.0,AI
7,11.83,1.82,0.15384615384615385,double,True,siNT-01,siNT,18.0,AI
9,7.28,7.28,1.0,double,True,siNT-01,siNT,18.0,AI
11,19.240000000000002,16.12,0.8378378378378378,double,True,siNT-01,siNT,18.0,AI
13,6.63,13.39,2.019607843137255,double,True,siNT-01,siNT,18.0,AI
17,26.52,11.57,0.4362745098039216,two-one-two,True,siNT-01,siNT,18.0,AI
20,12.09,17.810000000000002,1.4731182795698925,double,True,siNT-01,siNT,18.0,AI
25,11.31,5.46,0.4827586206896552,double,True,siNT-01,siNT,18.0,AI
26,9.88,7.54,0.7631578947368421,double,True,siNT-01,siNT,18.0,AI
27,8.450000000000001,10.530000000000001,1.2461538461538462,double,True,siNT-01,siNT,18.0,AI
28,7.930000000000001,0.39,0.04918032786885246,double,True,siNT-01,siNT,18.0,AI
32,10.4,20.02,1.925,double,True,siNT-01,siNT,18.0,AI
33,9.88,3.64,0.3684210526315789,double,True,siNT-01,siNT,18.0,AI
34,30.290000000000003,18.98,0.6266094420600858,double,True,siNT-01,siNT,18.0,AI
35,12.610000000000001,20.8,1.6494845360824741,double,True,siNT-01,siNT,18.0,AI
38,9.88,3.9000000000000004,0.39473684210526316,double,True,siNT-01,siNT,18.0,AI
41,4.42,12.22,2.764705882352941,double,True,siNT-01,siNT,18.0,AI
42,8.97,12.35,1.3768115942028984,double,True,siNT-01,siNT,18.0,AI
54,2.8600000000000003,5.8500000000000005,2.0454545454545454,double,True,siNT-01,siNT,18.0,AI
61,9.620000000000001,9.49,0.9864864864864865,double,True,siNT-01,siNT,18.0,AI
69,6.5,9.23,1.42,double,True,siNT-01,siNT,18.0,AI
72,12.48,2.34,0.1875,double,True,siNT-01,siNT,18.0,AI
76,14.950000000000001,11.700000000000001,0.782608695652174,double,True,siNT-01,siNT,18.0,AI
83,11.31,12.35,1.0919540229885059,double,True,siNT-01,siNT,18.0,AI
91,6.63,6.37,0.9607843137254902,double,True,siNT-01,siNT,18.0,AI
92,3.38,12.48,3.6923076923076925,double,True,siNT-01,siNT,18.0,AI
94,11.700000000000001,13.13,1.1222222222222222,double,True,siNT-01,siNT,18.0,AI
97,14.17,23.01,1.6238532110091743,double,True,siNT-01,siNT,18.0,AI
101,12.22,17.29,1.4148936170212767,double,True,siNT-01,siNT,18.0,AI
109,4.8100000000000005,16.77,3.4864864864864864,double,True,siNT-01,siNT,18.0,AI
110,9.75,4.68,0.48,double,True,siNT-01,siNT,18.0,AI
111,7.41,14.3,1.9298245614035088,double,True,siNT-01,siNT,18.0,AI
113,13.13,11.18,0.8514851485148515,double,True,siNT-01,siNT,18.0,AI
116,6.890000000000001,17.16,2.490566037735849,double,True,siNT-01,siNT,18.0,AI
118,6.5,12.22,1.88,double,True,siNT-01,siNT,18.0,AI
119,5.98,6.24,1.0434782608695652,double,True,siNT-01,siNT,18.0,AI
123,4.8100000000000005,12.09,2.5135135135135136,double,True,siNT-01,siNT,18.0,AI
130,8.84,6.11,0.6911764705882353,double,True,siNT-01,siNT,18.0,AI
135,10.01,5.2,0.5194805194805194,double,True,siNT-01,siNT,18.0,AI
137,10.27,11.440000000000001,1.1139240506329113,double,True,siNT-01,siNT,18.0,AI
142,9.1,3.38,0.37142857142857144,double,True,siNT-01,siNT,18.0,AI
143,11.440000000000001,13.91,1.2159090909090908,double,True,siNT-01,siNT,18.0,AI
153,2.99,1.3,0.43478260869565216,double,True,siNT-01,siNT,18.0,AI
157,11.700000000000001,22.23,1.9,double,True,siNT-01,siNT,18.0,AI
158,11.83,17.810000000000002,1.5054945054945055,double,True,siNT-01,siNT,18.0,AI
160,8.450000000000001,5.46,0.6461538461538462,double,True,siNT-01,siNT,18.0,AI
165,8.97,5.2,0.5797101449275363,double,True,siNT-01,siNT,18.0,AI
173,0.13,1.56,12.0,double,True,siNT-01,siNT,18.0,AI
175,10.01,3.5100000000000002,0.35064935064935066,double,True,siNT-01,siNT,18.0,AI
189,9.88,4.29,0.4342105263157895,double,True,siNT-01,siNT,18.0,AI
197,7.0200000000000005,6.24,0.8888888888888888,double,True,siNT-01,siNT,18.0,AI
200,10.4,3.9000000000000004,0.375,double,True,siNT-01,siNT,18.0,AI
201,7.67,11.18,1.4576271186440677,double,True,siNT-01,siNT,18.0,AI
202,7.0200000000000005,14.3,2.037037037037037,double,True,siNT-01,siNT,18.0,AI
208,11.57,13.26,1.146067415730337,double,True,siNT-01,siNT,18.0,AI
209,5.8500000000000005,9.23,1.5777777777777777,double,True,siNT-01,siNT,18.0,AI
210,9.23,12.48,1.352112676056338,double,True,siNT-01,siNT,18.0,AI
215,7.930000000000001,5.8500000000000005,0.7377049180327869,double,True,siNT-01,siNT,18.0,AI
217,9.49,12.09,1.273972602739726,double,True,siNT-01,siNT,18.0,AI
221,4.68,8.19,1.75,double,True,siNT-01,siNT,18.0,AI
224,10.92,14.82,1.3571428571428572,double,True,siNT-01,siNT,18.0,AI
227,4.55,12.22,2.6857142857142855,double,True,siNT-01,siNT,18.0,AI
232,4.29,10.4,2.4242424242424243,double,True,siNT-01,siNT,18.0,AI
244,10.14,11.31,1.1153846153846154,double,True,siNT-01,siNT,18.0,AI
248,1.82,11.31,6.214285714285714,double,True,siNT-01,siNT,18.0,AI
253,3.77,11.05,2.9310344827586206,double,True,siNT-01,siNT,18.0,AI
260,5.2,8.58,1.65,double,True,siNT-01,siNT,18.0,AI
261,7.800000000000001,6.76,0.8666666666666667,double,True,siNT-01,siNT,18.0,AI
264,9.620000000000001,14.950000000000001,1.554054054054054,double,True,siNT-01,siNT,18.0,AI
265,7.41,19.240000000000002,2.5964912280701755,double,True,siNT-01,siNT,18.0,AI
267,2.73,11.57,4.238095238095238,double,True,siNT-01,siNT,18.0,AI
275,9.620000000000001,14.56,1.5135135135135136,double,True,siNT-01,siNT,18.0,AI
282,3.9000000000000004,9.620000000000001,2.466666666666667,double,True,siNT-01,siNT,18.0,AI
283,5.2,0.65,0.125,double,True,siNT-01,siNT,18.0,AI
285,9.88,6.5,0.6578947368421053,double,True,siNT-01,siNT,18.0,AI
287,3.38,10.530000000000001,3.1153846153846154,double,True,siNT-01,siNT,18.0,AI
300,4.03,10.530000000000001,2.6129032258064515,double,True,siNT-01,siNT,18.0,AI
303,4.16,9.36,2.25,double,True,siNT-01,siNT,18.0,AI
308,16.12,2.21,0.13709677419354838,double,True,siNT-01,siNT,18.0,AI
309,6.37,8.450000000000001,1.3265306122448979,double,True,siNT-01,siNT,18.0,AI
310,5.2,7.800000000000001,1.5,double,True,siNT-01,siNT,18.0,AI
321,15.08,16.38,1.0862068965517242,double,True,siNT-01,siNT,18.0,AI
324,3.5100000000000002,10.92,3.111111111111111,double,True,siNT-01,siNT,18.0,AI
328,6.890000000000001,10.66,1.5471698113207548,double,True,siNT-01,siNT,18.0,AI
333,14.17,8.32,0.5871559633027523,double,True,siNT-01,siNT,18.0,AI
336,14.040000000000001,0.65,0.046296296296296294,double,True,siNT-01,siNT,18.0,AI
337,5.2,10.14,1.95,double,True,siNT-01,siNT,18.0,AI
339,11.31,13.65,1.206896551724138,double,True,siNT-01,siNT,18.0,AI
340,3.38,4.29,1.2692307692307692,double,True,siNT-01,siNT,18.0,AI
341,4.29,9.49,2.212121212121212,double,True,siNT-01,siNT,18.0,AI
346,5.46,11.31,2.0714285714285716,double,True,siNT-01,siNT,18.0,AI
347,1.4300000000000002,9.620000000000001,6.7272727272727275,double,True,siNT-01,siNT,18.0,AI
350,5.46,9.88,1.8095238095238095,double,True,siNT-01,siNT,18.0,AI
351,5.2,11.83,2.275,double,True,siNT-01,siNT,18.0,AI
352,5.33,3.64,0.6829268292682927,double,True,siNT-01,siNT,18.0,AI
360,4.8100000000000005,9.88,2.054054054054054,double,True,siNT-01,siNT,18.0,AI
362,7.15,7.15,1.0,double,True,siNT-01,siNT,18.0,AI
366,1.04,13.780000000000001,13.25,double,True,siNT-01,siNT,18.0,AI
374,4.68,7.15,1.5277777777777777,double,True,siNT-01,siNT,18.0,AI
376,5.2,8.450000000000001,1.625,double,True,siNT-01,siNT,18.0,AI
377,7.15,7.41,1.0363636363636364,double,True,siNT-01,siNT,18.0,AI
378,10.530000000000001,5.59,0.5308641975308642,double,True,siNT-01,siNT,18.0,AI
379,10.790000000000001,12.48,1.1566265060240963,double,True,siNT-01,siNT,18.0,AI
387,4.42,9.75,2.2058823529411766,double,True,siNT-01,siNT,18.0,AI
389,4.68,10.14,2.1666666666666665,double,True,siNT-01,siNT,18.0,AI
394,6.890000000000001,7.67,1.1132075471698113,double,True,siNT-01,siNT,18.0,AI
396,2.21,12.48,5.647058823529412,double,True,siNT-01,siNT,18.0,AI
414,9.23,12.48,1.352112676056338,double,True,siNT-01,siNT,18.0,AI
416,6.76,9.49,1.4038461538461537,double,True,siNT-01,siNT,18.0,AI
418,9.1,11.440000000000001,1.2571428571428571,double,True,siNT-01,siNT,18.0,AI
428,8.71,7.28,0.835820895522388,double,True,siNT-01,siNT,18.0,AI
429,9.23,5.59,0.6056338028169014,double,True,siNT-01,siNT,18.0,AI
430,4.68,9.75,2.0833333333333335,double,True,siNT-01,siNT,18.0,AI
432,4.55,8.32,1.8285714285714285,double,True,siNT-01,siNT,18.0,AI
436,0.91,14.43,15.857142857142858,double,True,siNT-01,siNT,18.0,AI
441,6.5,7.930000000000001,1.22,one-two-one,True,siNT-01,siNT,18.0,AI
448,2.34,11.31,4.833333333333333,double,True,siNT-01,siNT,18.0,AI
450,10.14,4.16,0.41025641025641024,double,True,siNT-01,siNT,18.0,AI
451,8.19,6.37,0.7777777777777778,double,True,siNT-01,siNT,18.0,AI
454,7.800000000000001,5.98,0.7666666666666667,double,True,siNT-01,siNT,18.0,AI
455,5.98,5.07,0.8478260869565217,double,True,siNT-01,siNT,18.0,AI
461,8.06,7.54,0.9354838709677419,double,True,siNT-01,siNT,18.0,AI
464,5.2,8.71,1.675,double,True,siNT-01,siNT,18.0,AI
475,2.73,13.13,4.809523809523809,double,True,siNT-01,siNT,18.0,AI
476,6.37,6.11,0.9591836734693877,double,True,siNT-01,siNT,18.0,AI
477,6.11,8.97,1.4680851063829787,double,True,siNT-01,siNT,18.0,AI
482,2.21,9.75,4.411764705882353,double,True,siNT-01,siNT,18.0,AI
483,7.0200000000000005,15.600000000000001,2.2222222222222223,double,True,siNT-01,siNT,18.0,AI
495,2.73,12.610000000000001,4.619047619047619,double,True,siNT-01,siNT,18.0,AI
498,2.08,11.83,5.6875,double,True,siNT-01,siNT,18.0,AI
501,7.41,7.930000000000001,1.0701754385964912,double,True,siNT-01,siNT,18.0,AI
504,12.610000000000001,18.07,1.4329896907216495,double,True,siNT-01,siNT,18.0,AI
506,0.91,14.040000000000001,15.428571428571429,double,True,siNT-01,siNT,18.0,AI
507,4.8100000000000005,11.31,2.3513513513513513,double,True,siNT-01,siNT,18.0,AI
511,10.92,4.42,0.40476190476190477,double,True,siNT-01,siNT,18.0,AI
512,7.54,6.76,0.896551724137931,double,True,siNT-01,siNT,18.0,AI
513,6.5,4.03,0.62,double,True,siNT-01,siNT,18.0,AI
514,8.71,5.59,0.6417910447761194,double,True,siNT-01,siNT,18.0,AI
517,10.530000000000001,3.25,0.30864197530864196,double,True,siNT-01,siNT,18.0,AI
522,5.07,12.870000000000001,2.5384615384615383,double,True,siNT-01,siNT,18.0,AI
525,8.58,4.94,0.5757575757575758,double,True,siNT-01,siNT,18.0,AI
529,6.890000000000001,7.28,1.0566037735849056,double,True,siNT-01,siNT,18.0,AI
533,10.14,11.18,1.1025641025641026,double,True,siNT-01,siNT,18.0,AI
535,4.03,10.4,2.5806451612903225,double,True,siNT-01,siNT,18.0,AI
538,12.35,9.23,0.7473684210526316,double,True,siNT-01,siNT,18.0,AI
540,6.11,8.32,1.3617021276595744,double,True,siNT-01,siNT,18.0,AI
544,1.69,13.0,7.6923076923076925,double,True,siNT-01,siNT,18.0,AI
545,3.25,8.450000000000001,2.6,double,True,siNT-01,siNT,18.0,AI
546,6.24,7.800000000000001,1.25,double,True,siNT-01,siNT,18.0,AI
547,5.720000000000001,10.790000000000001,1.8863636363636365,double,True,siNT-01,siNT,18.0,AI
553,5.2,6.76,1.3,double,True,siNT-01,siNT,18.0,AI
557,8.32,7.67,0.921875,double,True,siNT-01,siNT,18.0,AI
565,9.1,12.09,1.3285714285714285,double,True,siNT-01,siNT,18.0,AI
566,1.17,12.610000000000001,10.777777777777779,double,True,siNT-01,siNT,18.0,AI
567,11.96,2.73,0.22826086956521738,double,True,siNT-01,siNT,18.0,AI
568,7.28,8.450000000000001,1.1607142857142858,double,True,siNT-01,siNT,18.0,AI
572,11.18,15.08,1.3488372093023255,double,True,siNT-01,siNT,18.0,AI
573,8.84,8.19,0.9264705882352942,double,True,siNT-01,siNT,18.0,AI
576,2.8600000000000003,11.18,3.909090909090909,double,True,siNT-01,siNT,18.0,AI
581,7.54,6.24,0.8275862068965517,double,True,siNT-01,siNT,18.0,AI
587,4.16,7.800000000000001,1.875,double,True,siNT-01,siNT,18.0,AI
588,8.71,11.96,1.373134328358209,double,True,siNT-01,siNT,18.0,AI
589,4.42,8.84,2.0,double,True,siNT-01,siNT,18.0,AI
593,6.76,10.27,1.5192307692307692,double,True,siNT-01,siNT,18.0,AI
595,8.06,9.620000000000001,1.1935483870967742,double,True,siNT-01,siNT,18.0,AI
598,11.31,11.440000000000001,1.0114942528735633,double,True,siNT-01,siNT,18.0,AI
601,8.19,6.5,0.7936507936507936,double,True,siNT-01,siNT,18.0,AI
603,8.450000000000001,9.75,1.1538461538461537,double,True,siNT-01,siNT,18.0,AI
609,7.930000000000001,8.450000000000001,1.0655737704918034,double,True,siNT-01,siNT,18.0,AI
611,7.15,17.16,2.4,double,True,siNT-01,siNT,18.0,AI
612,2.8600000000000003,11.440000000000001,4.0,double,True,siNT-01,siNT,18.0,AI
613,4.03,11.05,2.7419354838709675,double,True,siNT-01,siNT,18.0,AI
615,7.930000000000001,10.14,1.278688524590164,double,True,siNT-01,siNT,18.0,AI
620,7.28,10.01,1.375,double,True,siNT-01,siNT,18.0,AI
621,8.450000000000001,4.8100000000000005,0.5692307692307692,double,True,siNT-01,siNT,18.0,AI
624,5.8500000000000005,5.59,0.9555555555555556,double,True,siNT-01,siNT,18.0,AI
629,0.91,14.82,16.285714285714285,double,True,siNT-01,siNT,18.0,AI
630,9.23,9.75,1.056338028169014,double,True,siNT-01,siNT,18.0,AI
633,7.28,7.28,1.0,double,True,siNT-01,siNT,18.0,AI
637,8.97,15.47,1.7246376811594204,double,True,siNT-01,siNT,18.0,AI
639,4.29,12.610000000000001,2.9393939393939394,double,True,siNT-01,siNT,18.0,AI
641,4.03,10.01,2.4838709677419355,double,True,siNT-01,siNT,18.0,AI
645,7.28,7.15,0.9821428571428571,double,True,siNT-01,siNT,18.0,AI
648,7.800000000000001,5.720000000000001,0.7333333333333333,double,True,siNT-01,siNT,18.0,AI
651,8.97,6.37,0.7101449275362319,double,True,siNT-01,siNT,18.0,AI
655,10.27,14.43,1.4050632911392404,double,True,siNT-01,siNT,18.0,AI
659,11.440000000000001,2.34,0.20454545454545456,double,True,siNT-01,siNT,18.0,AI
662,7.54,7.67,1.0172413793103448,double,True,siNT-01,siNT,18.0,AI
665,8.58,5.59,0.6515151515151515,double,True,siNT-01,siNT,18.0,AI
669,4.16,11.05,2.65625,double,True,siNT-01,siNT,18.0,AI
670,9.88,10.27,1.0394736842105263,double,True,siNT-01,siNT,18.0,AI
671,11.440000000000001,10.4,0.9090909090909091,double,True,siNT-01,siNT,18.0,AI
672,8.32,13.13,1.578125,double,True,siNT-01,siNT,18.0,AI
673,7.41,11.700000000000001,1.5789473684210527,double,True,siNT-01,siNT,18.0,AI
676,9.75,8.71,0.8933333333333333,double,True,siNT-01,siNT,18.0,AI
680,8.71,9.88,1.1343283582089552,double,True,siNT-01,siNT,18.0,AI
682,3.64,9.49,2.607142857142857,double,True,siNT-01,siNT,18.0,AI
684,10.01,10.530000000000001,1.051948051948052,double,True,siNT-01,siNT,18.0,AI
689,8.84,5.46,0.6176470588235294,double,True,siNT-01,siNT,18.0,AI
692,7.0200000000000005,10.27,1.462962962962963,double,True,siNT-01,siNT,18.0,AI
697,15.600000000000001,7.54,0.48333333333333334,double,True,siNT-01,siNT,18.0,AI
698,5.33,7.67,1.4390243902439024,double,True,siNT-01,siNT,18.0,AI
699,7.15,8.84,1.2363636363636363,double,True,siNT-01,siNT,18.0,AI
700,2.47,11.700000000000001,4.7368421052631575,double,True,siNT-01,siNT,18.0,AI
704,1.9500000000000002,11.440000000000001,5.866666666666666,double,True,siNT-01,siNT,18.0,AI
705,9.49,2.99,0.3150684931506849,double,True,siNT-01,siNT,18.0,AI
707,4.8100000000000005,13.0,2.7027027027027026,double,True,siNT-01,siNT,18.0,AI
708,9.1,4.8100000000000005,0.5285714285714286,double,True,siNT-01,siNT,18.0,AI
709,6.76,7.28,1.0769230769230769,double,True,siNT-01,siNT,18.0,AI
0,11.440000000000001,19.240000000000002,1.6818181818181819,double,True,siNT-01,siNT,24.0,AI
1,9.1,9.75,1.0714285714285714,double,True,siNT-01,siNT,24.0,AI
9,1.56,11.83,7.583333333333333,double,True,siNT-01,siNT,24.0,AI
11,9.1,7.800000000000001,0.8571428571428571,double,True,siNT-01,siNT,24.0,AI
15,8.58,17.94,2.090909090909091,double,True,siNT-01,siNT,24.0,AI
17,26.0,18.07,0.695,double,True,siNT-01,siNT,24.0,AI
19,13.780000000000001,18.59,1.349056603773585,double,True,siNT-01,siNT,24.0,AI
20,5.720000000000001,11.18,1.9545454545454546,double,True,siNT-01,siNT,24.0,AI
21,9.1,8.84,0.9714285714285714,double,True,siNT-01,siNT,24.0,AI
24,4.29,9.1,2.121212121212121,double,True,siNT-01,siNT,24.0,AI
32,12.22,2.73,0.22340425531914893,double,True,siNT-01,siNT,24.0,AI
33,13.91,15.600000000000001,1.1214953271028036,double,True,siNT-01,siNT,24.0,AI
34,9.88,8.58,0.868421052631579,double,True,siNT-01,siNT,24.0,AI
35,7.67,10.66,1.3898305084745763,double,True,siNT-01,siNT,24.0,AI
36,3.12,13.780000000000001,4.416666666666667,double,True,siNT-01,siNT,24.0,AI
48,2.6,11.700000000000001,4.5,double,True,siNT-01,siNT,24.0,AI
52,9.23,9.75,1.056338028169014,double,True,siNT-01,siNT,24.0,AI
57,8.97,14.17,1.5797101449275361,double,True,siNT-01,siNT,24.0,AI
58,7.800000000000001,7.67,0.9833333333333333,double,True,siNT-01,siNT,24.0,AI
59,5.33,13.780000000000001,2.5853658536585367,double,True,siNT-01,siNT,24.0,AI
61,11.440000000000001,10.01,0.875,double,True,siNT-01,siNT,24.0,AI
73,8.84,5.33,0.6029411764705882,double,True,siNT-01,siNT,24.0,AI
76,0.26,13.780000000000001,53.0,double,True,siNT-01,siNT,24.0,AI
80,11.31,19.5,1.7241379310344827,double,True,siNT-01,siNT,24.0,AI
82,8.71,6.24,0.7164179104477612,double,True,siNT-01,siNT,24.0,AI
87,8.19,5.8500000000000005,0.7142857142857143,double,True,siNT-01,siNT,24.0,AI
90,11.31,0.13,0.011494252873563218,double,True,siNT-01,siNT,24.0,AI
101,10.790000000000001,8.71,0.8072289156626506,double,True,siNT-01,siNT,24.0,AI
104,3.77,12.09,3.206896551724138,double,True,siNT-01,siNT,24.0,AI
108,8.06,12.35,1.532258064516129,double,True,siNT-01,siNT,24.0,AI
116,7.800000000000001,14.43,1.85,double,True,siNT-01,siNT,24.0,AI
121,9.88,7.54,0.7631578947368421,double,True,siNT-01,siNT,24.0,AI
129,13.39,11.31,0.8446601941747572,double,True,siNT-01,siNT,24.0,AI
142,5.46,9.620000000000001,1.7619047619047619,double,True,siNT-01,siNT,24.0,AI
145,5.07,0.39,0.07692307692307693,double,True,siNT-01,siNT,24.0,AI
151,7.0200000000000005,6.11,0.8703703703703703,double,True,siNT-01,siNT,24.0,AI
157,6.11,13.39,2.1914893617021276,double,True,siNT-01,siNT,24.0,AI
162,4.42,10.14,2.2941176470588234,double,True,siNT-01,siNT,24.0,AI
167,15.600000000000001,6.11,0.39166666666666666,double,True,siNT-01,siNT,24.0,AI
169,6.37,8.06,1.2653061224489797,double,True,siNT-01,siNT,24.0,AI
177,5.33,8.84,1.6585365853658536,double,True,siNT-01,siNT,24.0,AI
183,7.930000000000001,8.06,1.0163934426229508,double,True,siNT-01,siNT,24.0,AI
190,1.82,11.96,6.571428571428571,double,True,siNT-01,siNT,24.0,AI
203,13.52,0.26,0.019230769230769232,double,True,siNT-01,siNT,24.0,AI
204,8.84,11.18,1.2647058823529411,double,True,siNT-01,siNT,24.0,AI
206,3.5100000000000002,11.18,3.185185185185185,double,True,siNT-01,siNT,24.0,AI
223,10.790000000000001,5.98,0.5542168674698795,double,True,siNT-01,siNT,24.0,AI
225,8.32,7.28,0.875,double,True,siNT-01,siNT,24.0,AI
237,8.71,14.43,1.6567164179104477,double,True,siNT-01,siNT,24.0,AI
250,8.71,7.67,0.8805970149253731,double,True,siNT-01,siNT,24.0,AI
251,4.55,10.4,2.2857142857142856,double,True,siNT-01,siNT,24.0,AI
254,7.41,7.800000000000001,1.0526315789473684,double,True,siNT-01,siNT,24.0,AI
255,6.37,8.84,1.3877551020408163,double,True,siNT-01,siNT,24.0,AI
261,5.98,11.700000000000001,1.9565217391304348,double,True,siNT-01,siNT,24.0,AI
266,4.42,10.14,2.2941176470588234,double,True,siNT-01,siNT,24.0,AI
267,7.67,4.55,0.5932203389830508,double,True,siNT-01,siNT,24.0,AI
268,6.5,8.58,1.32,double,True,siNT-01,siNT,24.0,AI
270,12.35,17.03,1.3789473684210527,double,True,siNT-01,siNT,24.0,AI
273,8.450000000000001,10.790000000000001,1.2769230769230768,double,True,siNT-01,siNT,24.0,AI
276,10.530000000000001,3.25,0.30864197530864196,double,True,siNT-01,siNT,24.0,AI
278,9.620000000000001,4.68,0.4864864864864865,double,True,siNT-01,siNT,24.0,AI
279,4.94,11.83,2.3947368421052633,double,True,siNT-01,siNT,24.0,AI
280,9.620000000000001,2.34,0.24324324324324326,double,True,siNT-01,siNT,24.0,AI
283,8.06,11.700000000000001,1.4516129032258065,double,True,siNT-01,siNT,24.0,AI
284,6.890000000000001,10.27,1.490566037735849,double,True,siNT-01,siNT,24.0,AI
293,4.42,10.01,2.264705882352941,double,True,siNT-01,siNT,24.0,AI
295,6.37,8.71,1.3673469387755102,double,True,siNT-01,siNT,24.0,AI
297,9.620000000000001,9.620000000000001,1.0,double,True,siNT-01,siNT,24.0,AI
303,9.1,13.91,1.5285714285714285,double,True,siNT-01,siNT,24.0,AI
310,3.25,7.67,2.36,double,True,siNT-01,siNT,24.0,AI
312,10.530000000000001,11.440000000000001,1.0864197530864197,double,True,siNT-01,siNT,24.0,AI
315,6.76,11.700000000000001,1.7307692307692308,double,True,siNT-01,siNT,24.0,AI
316,7.28,9.75,1.3392857142857142,double,True,siNT-01,siNT,24.0,AI
319,6.76,11.05,1.6346153846153846,double,True,siNT-01,siNT,24.0,AI
320,10.01,14.82,1.4805194805194806,double,True,siNT-01,siNT,24.0,AI
322,5.98,10.4,1.7391304347826086,double,True,siNT-01,siNT,24.0,AI
327,7.930000000000001,13.0,1.639344262295082,double,True,siNT-01,siNT,24.0,AI
331,3.77,10.66,2.8275862068965516,double,True,siNT-01,siNT,24.0,AI
332,8.71,10.01,1.1492537313432836,double,True,siNT-01,siNT,24.0,AI
333,10.01,13.26,1.3246753246753247,double,True,siNT-01,siNT,24.0,AI
336,10.27,4.94,0.4810126582278481,double,True,siNT-01,siNT,24.0,AI
337,7.0200000000000005,8.19,1.1666666666666667,double,True,siNT-01,siNT,24.0,AI
342,4.68,10.530000000000001,2.25,double,True,siNT-01,siNT,24.0,AI
347,8.32,6.24,0.75,double,True,siNT-01,siNT,24.0,AI
348,10.27,8.84,0.8607594936708861,double,True,siNT-01,siNT,24.0,AI
350,8.58,6.890000000000001,0.803030303030303,double,True,siNT-01,siNT,24.0,AI
353,11.05,9.88,0.8941176470588236,double,True,siNT-01,siNT,24.0,AI
360,6.11,7.800000000000001,1.2765957446808511,double,True,siNT-01,siNT,24.0,AI
361,4.8100000000000005,8.450000000000001,1.7567567567567568,double,True,siNT-01,siNT,24.0,AI
362,4.42,11.05,2.5,double,True,siNT-01,siNT,24.0,AI
364,1.4300000000000002,10.92,7.636363636363637,double,True,siNT-01,siNT,24.0,AI
365,8.97,4.55,0.5072463768115942,double,True,siNT-01,siNT,24.0,AI
366,0.65,12.35,19.0,double,True,siNT-01,siNT,24.0,AI
368,12.22,3.12,0.2553191489361702,double,True,siNT-01,siNT,24.0,AI
